flight_date,flights,delayed_flights,daily_delay_rate,daily_major_delay_rate,over_three_delays,high_delay_day,major_delay_day
2019-01-01,1835,737,0.4016348773841962,0.13569482288828338,TRUE,TRUE,TRUE
2019-01-02,2026,906,0.4471865745310958,0.1441263573543929,TRUE,TRUE,TRUE
2019-01-03,2010,781,0.38855721393034826,0.10845771144278607,TRUE,FALSE,TRUE
2019-01-04,2012,614,0.305168986083499,0.06560636182902585,TRUE,FALSE,FALSE
2019-01-05,1712,556,0.3247663551401869,0.09228971962616822,TRUE,FALSE,FALSE
2019-01-06,1943,690,0.35512094698919194,0.1065362840967576,TRUE,FALSE,TRUE
2019-01-07,2016,621,0.3080357142857143,0.10069444444444445,TRUE,FALSE,TRUE
2019-01-08,1885,390,0.20689655172413793,0.0610079575596817,TRUE,FALSE,FALSE
2019-01-09,2002,420,0.2097902097902098,0.04795204795204795,TRUE,FALSE,FALSE
2019-01-10,1972,506,0.2565922920892495,0.09482758620689655,TRUE,FALSE,FALSE
2019-01-11,2057,574,0.27904715605250363,0.08264462809917356,TRUE,FALSE,FALSE
2019-01-12,1549,422,0.2724338282763073,0.06649451258876694,TRUE,FALSE,FALSE
2019-01-13,1829,527,0.288135593220339,0.09568069983597595,TRUE,FALSE,FALSE
2019-01-14,1964,525,0.26731160896130346,0.0845213849287169,TRUE,FALSE,FALSE
2019-01-15,1867,507,0.2715586502410284,0.08516336368505624,TRUE,FALSE,FALSE
2019-01-16,1853,465,0.2509444144630329,0.06637884511602807,TRUE,FALSE,FALSE
2019-01-17,2005,687,0.342643391521197,0.11521197007481297,TRUE,FALSE,TRUE
2019-01-18,1924,709,0.3685031185031185,0.10187110187110188,TRUE,FALSE,TRUE
2019-01-19,1350,444,0.3288888888888889,0.11037037037037037,TRUE,FALSE,TRUE
2019-01-20,1527,545,0.3569089718402096,0.11394891944990176,TRUE,FALSE,TRUE
2019-01-21,1932,870,0.4503105590062112,0.17908902691511386,TRUE,TRUE,TRUE
2019-01-22,1756,703,0.40034168564920275,0.15945330296127563,TRUE,TRUE,TRUE
2019-01-23,1857,708,0.38126009693053314,0.17501346257404415,TRUE,FALSE,TRUE
2019-01-24,2005,862,0.42992518703241894,0.19850374064837906,TRUE,TRUE,TRUE
2019-01-25,2020,757,0.37475247524752475,0.14653465346534653,TRUE,FALSE,TRUE
2019-01-26,1607,402,0.25015556938394523,0.07342874922215308,TRUE,FALSE,FALSE
2019-01-27,1905,653,0.34278215223097114,0.10446194225721785,TRUE,FALSE,TRUE
2019-01-28,1916,583,0.30427974947807934,0.10542797494780794,TRUE,FALSE,TRUE
2019-01-29,1823,450,0.24684585847504115,0.0746023038946791,TRUE,FALSE,FALSE
2019-01-30,1752,563,0.3213470319634703,0.1284246575342466,TRUE,FALSE,TRUE
2019-01-31,1862,769,0.4129967776584318,0.13909774436090225,TRUE,TRUE,TRUE
2019-02-01,2038,814,0.3994111874386654,0.16241413150147202,TRUE,FALSE,TRUE
2019-02-02,1450,444,0.3062068965517241,0.11172413793103449,TRUE,FALSE,TRUE
2019-02-03,1701,397,0.23339212228101117,0.07289829512051735,TRUE,FALSE,FALSE
2019-02-04,1995,616,0.3087719298245614,0.10977443609022557,TRUE,FALSE,TRUE
2019-02-05,1899,449,0.2364402317008952,0.08372827804107424,TRUE,FALSE,FALSE
2019-02-06,1905,571,0.29973753280839893,0.09291338582677165,TRUE,FALSE,FALSE
2019-02-07,1951,794,0.40697078421322397,0.1522296258329062,TRUE,TRUE,TRUE
2019-02-08,2018,764,0.3785926660059465,0.14271555996035679,TRUE,FALSE,TRUE
2019-02-09,1570,424,0.2700636942675159,0.0751592356687898,TRUE,FALSE,FALSE
2019-02-10,1840,724,0.3934782608695652,0.13967391304347826,TRUE,FALSE,TRUE
2019-02-11,1953,828,0.423963133640553,0.14183307731694828,TRUE,TRUE,TRUE
2019-02-12,1775,792,0.4461971830985916,0.19267605633802817,TRUE,TRUE,TRUE
2019-02-13,1945,767,0.3943444730077121,0.15115681233933162,TRUE,FALSE,TRUE
2019-02-14,2164,831,0.3840110905730129,0.13955637707948243,TRUE,FALSE,TRUE
2019-02-15,2050,737,0.3595121951219512,0.12195121951219512,TRUE,FALSE,TRUE
2019-02-16,1613,507,0.3143211407315561,0.08741475511469311,TRUE,FALSE,FALSE
2019-02-17,1732,649,0.37471131639722866,0.14780600461893764,TRUE,FALSE,TRUE
2019-02-18,2025,962,0.4750617283950617,0.1891358024691358,TRUE,TRUE,TRUE
2019-02-19,1975,814,0.41215189873417724,0.13772151898734178,TRUE,TRUE,TRUE
2019-02-20,1852,972,0.5248380129589633,0.2580993520518359,TRUE,TRUE,TRUE
2019-02-21,1990,935,0.46984924623115576,0.17839195979899497,TRUE,TRUE,TRUE
2019-02-22,2123,948,0.44653791804050874,0.17098445595854922,TRUE,TRUE,TRUE
2019-02-23,1594,586,0.36762860727728985,0.1191969887076537,TRUE,FALSE,TRUE
2019-02-24,1879,710,0.3778605641298563,0.12453432676955828,TRUE,FALSE,TRUE
2019-02-25,1968,813,0.41310975609756095,0.1798780487804878,TRUE,TRUE,TRUE
2019-02-26,2001,682,0.3408295852073963,0.12043978010994502,TRUE,FALSE,TRUE
2019-02-27,1973,671,0.34009123162696403,0.11201216421692854,TRUE,FALSE,TRUE
2019-02-28,2063,902,0.43722733882695103,0.15753756665050897,TRUE,TRUE,TRUE
2019-03-01,2057,914,0.44433641225085074,0.18424890617403986,TRUE,TRUE,TRUE
2019-03-02,1761,764,0.4338444065871664,0.16127200454287335,TRUE,TRUE,TRUE
2019-03-03,1888,861,0.4560381355932203,0.163135593220339,TRUE,TRUE,TRUE
2019-03-04,2060,865,0.4199029126213592,0.13737864077669903,TRUE,TRUE,TRUE
2019-03-05,2003,715,0.3569645531702446,0.11333000499251124,TRUE,FALSE,TRUE
2019-03-06,2011,661,0.3286921929388364,0.11387369467926405,TRUE,FALSE,TRUE
2019-03-07,2096,711,0.3392175572519084,0.10877862595419847,TRUE,FALSE,TRUE
2019-03-08,2205,799,0.36235827664399095,0.1056689342403628,TRUE,FALSE,TRUE
2019-03-09,1796,832,0.46325167037861914,0.20155902004454343,TRUE,TRUE,TRUE
2019-03-10,2158,1040,0.4819277108433735,0.1793327154772938,TRUE,TRUE,TRUE
2019-03-11,2185,688,0.3148741418764302,0.08375286041189932,TRUE,FALSE,FALSE
2019-03-12,2085,662,0.31750599520383693,0.08393285371702638,TRUE,FALSE,FALSE
2019-03-13,1970,681,0.3456852791878173,0.11776649746192894,TRUE,FALSE,TRUE
2019-03-14,2105,872,0.4142517814726841,0.1643705463182898,TRUE,TRUE,TRUE
2019-03-15,2197,919,0.4182976786527082,0.135184342284934,TRUE,TRUE,TRUE
2019-03-16,1824,640,0.3508771929824561,0.09649122807017543,TRUE,FALSE,FALSE
2019-03-17,2080,614,0.2951923076923077,0.07019230769230769,TRUE,FALSE,FALSE
2019-03-18,2163,550,0.2542764678687009,0.056865464632454926,TRUE,FALSE,FALSE
2019-03-19,2015,459,0.22779156327543423,0.05012406947890819,TRUE,FALSE,FALSE
2019-03-20,2133,524,0.24566338490389122,0.06188466947960619,TRUE,FALSE,FALSE
2019-03-21,2197,717,0.32635411925352753,0.09285389167045972,TRUE,FALSE,FALSE
2019-03-22,2179,768,0.35245525470399264,0.13308857273978889,TRUE,FALSE,TRUE
2019-03-23,1807,512,0.28334255672385167,0.07470946319867183,TRUE,FALSE,FALSE
2019-03-24,2079,557,0.26791726791726794,0.07118807118807119,TRUE,FALSE,FALSE
2019-03-25,2201,691,0.31394820536119944,0.09768287142208087,TRUE,FALSE,FALSE
2019-03-26,2081,577,0.27727054300816917,0.06823642479577126,TRUE,FALSE,FALSE
2019-03-27,2069,510,0.24649589173513775,0.07588206863218946,TRUE,FALSE,FALSE
2019-03-28,2205,601,0.272562358276644,0.07392290249433106,TRUE,FALSE,FALSE
2019-03-29,2169,579,0.2669432918395574,0.07699400645458737,TRUE,FALSE,FALSE
2019-03-30,1733,476,0.27466820542412,0.06635891517599539,TRUE,FALSE,FALSE
2019-03-31,2084,647,0.31046065259117084,0.08013435700575816,TRUE,FALSE,FALSE
2019-04-01,2125,1009,0.4748235294117647,0.22823529411764706,TRUE,TRUE,TRUE
2019-04-02,2118,472,0.22285174693106705,0.049575070821529746,TRUE,FALSE,FALSE
2019-04-03,2008,488,0.24302788844621515,0.08167330677290836,TRUE,FALSE,FALSE
2019-04-04,2151,676,0.31427243142724315,0.08879590887959089,TRUE,FALSE,FALSE
2019-04-05,2191,686,0.31309904153354634,0.09356458238247375,TRUE,FALSE,FALSE
2019-04-06,1807,508,0.2811289429994466,0.08909795240730492,TRUE,FALSE,FALSE
2019-04-07,1957,726,0.3709759836484415,0.13949923352069493,TRUE,FALSE,TRUE
2019-04-08,2155,760,0.35266821345707655,0.12296983758700696,TRUE,FALSE,TRUE
2019-04-09,2054,638,0.31061343719571566,0.11051606621226874,TRUE,FALSE,TRUE
2019-04-10,2030,654,0.3221674876847291,0.09014778325123153,TRUE,FALSE,FALSE
2019-04-11,2017,654,0.32424392662369855,0.10213187902825979,TRUE,FALSE,TRUE
2019-04-12,2102,849,0.4039010466222645,0.14985727878211227,TRUE,TRUE,TRUE
2019-04-13,1654,599,0.36215235792019346,0.15175332527206772,TRUE,FALSE,TRUE
2019-04-14,1904,955,0.5015756302521008,0.27941176470588236,TRUE,TRUE,TRUE
2019-04-15,2092,963,0.46032504780114725,0.19263862332695986,TRUE,TRUE,TRUE
2019-04-16,2079,571,0.27465127465127465,0.06156806156806157,TRUE,FALSE,FALSE
2019-04-17,2042,539,0.2639569049951028,0.07688540646425074,TRUE,FALSE,FALSE
2019-04-18,2133,866,0.40600093764650724,0.15142991092358182,TRUE,TRUE,TRUE
2019-04-19,2029,940,0.4632824051256777,0.23361261705273534,TRUE,TRUE,TRUE
2019-04-20,1701,526,0.30922986478542036,0.12404467960023516,TRUE,FALSE,TRUE
2019-04-21,2097,527,0.25131139723414403,0.0910824988078207,TRUE,FALSE,FALSE
2019-04-22,2097,665,0.31711969480209823,0.10920362422508345,TRUE,FALSE,TRUE
2019-04-23,2019,505,0.2501238236750867,0.06537890044576523,TRUE,FALSE,FALSE
2019-04-24,2090,562,0.26889952153110047,0.07177033492822966,TRUE,FALSE,FALSE
2019-04-25,2131,541,0.25387142186766776,0.06335053965274519,TRUE,FALSE,FALSE
2019-04-26,2096,769,0.36688931297709926,0.14694656488549618,TRUE,FALSE,TRUE
2019-04-27,1608,479,0.2978855721393035,0.0945273631840796,TRUE,FALSE,FALSE
2019-04-28,2032,592,0.29133858267716534,0.08169291338582677,TRUE,FALSE,FALSE
2019-04-29,2149,816,0.3797114937180084,0.1265704979060028,TRUE,FALSE,TRUE
2019-04-30,1956,618,0.3159509202453988,0.10276073619631902,TRUE,FALSE,TRUE
2019-05-01,2062,625,0.30310378273520855,0.07759456838021339,TRUE,FALSE,FALSE
2019-05-02,2136,1014,0.4747191011235955,0.19709737827715357,TRUE,TRUE,TRUE
2019-05-03,2132,892,0.41838649155722324,0.16088180112570358,TRUE,TRUE,TRUE
2019-05-04,1732,531,0.30658198614318705,0.11200923787528869,TRUE,FALSE,TRUE
2019-05-05,2038,735,0.3606476938174681,0.1310107948969578,TRUE,FALSE,TRUE
2019-05-06,2118,646,0.3050047214353163,0.10103871576959396,TRUE,FALSE,TRUE
2019-05-07,2111,606,0.28706774040738986,0.09474182851729038,TRUE,FALSE,FALSE
2019-05-08,2085,817,0.39184652278177456,0.16786570743405277,TRUE,FALSE,TRUE
2019-05-09,2175,851,0.391264367816092,0.12827586206896552,TRUE,FALSE,TRUE
2019-05-10,2170,823,0.3792626728110599,0.12488479262672811,TRUE,FALSE,TRUE
2019-05-11,1726,634,0.36732329084588644,0.14484356894553882,TRUE,FALSE,TRUE
2019-05-12,2065,705,0.3414043583535109,0.12009685230024213,TRUE,FALSE,TRUE
2019-05-13,2196,827,0.37659380692167577,0.1448087431693989,TRUE,FALSE,TRUE
2019-05-14,2068,534,0.25822050290135395,0.0788201160541586,TRUE,FALSE,FALSE
2019-05-15,2187,589,0.26931870141746683,0.06767261088248742,TRUE,FALSE,FALSE
2019-05-16,2203,812,0.36858828869723104,0.1316386745347254,TRUE,FALSE,TRUE
2019-05-17,2224,784,0.35251798561151076,0.10701438848920863,TRUE,FALSE,TRUE
2019-05-18,1668,658,0.39448441247002397,0.16786570743405277,TRUE,FALSE,TRUE
2019-05-19,2092,933,0.44598470363288717,0.19024856596558318,TRUE,TRUE,TRUE
2019-05-20,2169,883,0.4071000461041955,0.14384508990318118,TRUE,TRUE,TRUE
2019-05-21,2043,843,0.41262848751835535,0.1678903573176701,TRUE,TRUE,TRUE
2019-05-22,2154,652,0.30269266480965645,0.08031569173630455,TRUE,FALSE,FALSE
2019-05-23,2126,1007,0.47365945437441204,0.19614299153339604,TRUE,TRUE,TRUE
2019-05-24,2187,874,0.3996342021033379,0.14266117969821673,TRUE,FALSE,TRUE
2019-05-25,1619,387,0.23903644224830142,0.06176652254478073,TRUE,FALSE,FALSE
2019-05-26,1792,423,0.23604910714285715,0.06584821428571429,TRUE,FALSE,FALSE
2019-05-27,2026,565,0.2788746298124383,0.10513326752221125,TRUE,FALSE,TRUE
2019-05-28,2097,812,0.3872198378636147,0.13876967095851217,TRUE,FALSE,TRUE
2019-05-29,2035,840,0.41277641277641275,0.16363636363636364,TRUE,TRUE,TRUE
2019-05-30,2107,798,0.3787375415282392,0.140484100616991,TRUE,FALSE,TRUE
2019-05-31,2099,729,0.34730824202000954,0.10195331110052405,TRUE,FALSE,TRUE
2019-06-01,1790,603,0.3368715083798883,0.12905027932960894,TRUE,FALSE,TRUE
2019-06-02,2078,817,0.3931665062560154,0.1530317613089509,TRUE,FALSE,TRUE
2019-06-03,2194,690,0.31449407474931634,0.101640838650866,TRUE,FALSE,TRUE
2019-06-04,2161,578,0.26746876446089773,0.06987505784359092,TRUE,FALSE,FALSE
2019-06-05,2129,821,0.38562705495537813,0.14983560356975106,TRUE,FALSE,TRUE
2019-06-06,2216,766,0.3456678700361011,0.11552346570397112,TRUE,FALSE,TRUE
2019-06-07,2184,799,0.3658424908424908,0.12637362637362637,TRUE,FALSE,TRUE
2019-06-08,1828,760,0.41575492341356673,0.1974835886214442,TRUE,TRUE,TRUE
2019-06-09,2064,957,0.4636627906976744,0.21075581395348839,TRUE,TRUE,TRUE
2019-06-10,2168,1052,0.48523985239852396,0.2043357933579336,TRUE,TRUE,TRUE
2019-06-11,2110,830,0.3933649289099526,0.13696682464454976,TRUE,FALSE,TRUE
2019-06-12,2312,933,0.40354671280276816,0.14057093425605535,TRUE,TRUE,TRUE
2019-06-13,2261,1009,0.4462627156125608,0.183547103051747,TRUE,TRUE,TRUE
2019-06-14,2262,807,0.356763925729443,0.10212201591511937,TRUE,FALSE,TRUE
2019-06-15,1873,696,0.37159636946075814,0.12813667912439936,TRUE,FALSE,TRUE
2019-06-16,2006,923,0.46011964107676967,0.20438683948155534,TRUE,TRUE,TRUE
2019-06-17,2186,1012,0.46294602012808783,0.18618481244281793,TRUE,TRUE,TRUE
2019-06-18,2136,949,0.4442883895131086,0.1793071161048689,TRUE,TRUE,TRUE
2019-06-19,2245,1087,0.4841870824053452,0.2129175946547884,TRUE,TRUE,TRUE
2019-06-20,2195,1085,0.49430523917995445,0.214123006833713,TRUE,TRUE,TRUE
2019-06-21,2094,960,0.4584527220630373,0.18481375358166188,TRUE,TRUE,TRUE
2019-06-22,1902,806,0.4237644584647739,0.14721345951629863,TRUE,TRUE,TRUE
2019-06-23,2152,1002,0.4656133828996282,0.18587360594795538,TRUE,TRUE,TRUE
2019-06-24,2251,1018,0.45224344735673033,0.1776988005330964,TRUE,TRUE,TRUE
2019-06-25,2117,1012,0.47803495512517713,0.213982050070855,TRUE,TRUE,TRUE
2019-06-26,2123,815,0.38389072067828545,0.1413094677343382,TRUE,FALSE,TRUE
2019-06-27,2265,838,0.36997792494481235,0.1421633554083885,TRUE,FALSE,TRUE
2019-06-28,2253,839,0.3723923657345761,0.13715046604527298,TRUE,FALSE,TRUE
2019-06-29,1944,836,0.43004115226337447,0.1934156378600823,TRUE,TRUE,TRUE
2019-06-30,2071,915,0.44181554804442297,0.1859005311443747,TRUE,TRUE,TRUE
2019-07-01,2081,666,0.320038443056223,0.11484863046612205,TRUE,FALSE,TRUE
2019-07-02,2008,659,0.3281872509960159,0.10756972111553785,TRUE,FALSE,TRUE
2019-07-03,1981,711,0.358909641595154,0.1332660272589601,TRUE,FALSE,TRUE
2019-07-04,1640,432,0.2634146341463415,0.09695121951219512,TRUE,FALSE,FALSE
2019-07-05,1816,574,0.31607929515418504,0.11508810572687225,TRUE,FALSE,TRUE
2019-07-06,1899,777,0.40916271721958924,0.19273301737756715,TRUE,TRUE,TRUE
2019-07-07,2194,1038,0.4731084776663628,0.18778486782133091,TRUE,TRUE,TRUE
2019-07-08,2274,1038,0.45646437994722955,0.19129287598944592,TRUE,TRUE,TRUE
2019-07-09,2234,780,0.34914950760966873,0.09579230080572963,TRUE,FALSE,FALSE
2019-07-10,2191,701,0.3199452304883615,0.08397991784573254,TRUE,FALSE,FALSE
2019-07-11,2195,903,0.4113895216400911,0.17904328018223234,TRUE,TRUE,TRUE
2019-07-12,2183,922,0.42235455794777826,0.15666513971598717,TRUE,TRUE,TRUE
2019-07-13,1844,592,0.3210412147505423,0.09056399132321041,TRUE,FALSE,FALSE
2019-07-14,2173,670,0.3083294983893235,0.10768522779567419,TRUE,FALSE,TRUE
2019-07-15,2313,790,0.34154777345438825,0.11284046692607004,TRUE,FALSE,TRUE
2019-07-16,2316,797,0.3441278065630397,0.1157167530224525,TRUE,FALSE,TRUE
2019-07-17,2208,916,0.4148550724637681,0.18568840579710144,TRUE,TRUE,TRUE
2019-07-18,2188,1074,0.49085923217550276,0.2449725776965265,TRUE,TRUE,TRUE
2019-07-19,2241,983,0.4386434627398483,0.19678714859437751,TRUE,TRUE,TRUE
2019-07-20,1989,912,0.45852187028657615,0.2066365007541478,TRUE,TRUE,TRUE
2019-07-21,2161,987,0.45673299398426653,0.18880148079592782,TRUE,TRUE,TRUE
2019-07-22,2121,854,0.40264026402640263,0.1636020744931636,TRUE,TRUE,TRUE
2019-07-23,2182,884,0.40513290559120074,0.1691109074243813,TRUE,TRUE,TRUE
2019-07-24,2177,736,0.3380799265043638,0.10886541111621498,TRUE,FALSE,TRUE
2019-07-25,2368,695,0.2934966216216216,0.08488175675675676,TRUE,FALSE,FALSE
2019-07-26,2166,667,0.3079409048938135,0.08633425669436749,TRUE,FALSE,FALSE
2019-07-27,2014,540,0.26812313803376364,0.07944389275074479,TRUE,FALSE,FALSE
2019-07-28,2117,622,0.29381199811053377,0.09116674539442607,TRUE,FALSE,FALSE
2019-07-29,2228,781,0.3505385996409336,0.14093357271095153,TRUE,FALSE,TRUE
2019-07-30,2315,819,0.35377969762419004,0.1485961123110151,TRUE,FALSE,TRUE
2019-07-31,2134,817,0.3828491096532334,0.14948453608247422,TRUE,FALSE,TRUE
2019-08-01,2263,1080,0.47724259832081306,0.2147591692443659,TRUE,TRUE,TRUE
2019-08-02,2333,1030,0.44149164166309474,0.17188169738534076,TRUE,TRUE,TRUE
2019-08-03,1919,694,0.36164669098488794,0.11360083376758728,TRUE,FALSE,TRUE
2019-08-04,2218,836,0.3769161406672678,0.13165013525698827,TRUE,FALSE,TRUE
2019-08-05,2268,740,0.3262786596119929,0.10229276895943562,TRUE,FALSE,TRUE
2019-08-06,2239,820,0.36623492630638677,0.13934792317999106,TRUE,FALSE,TRUE
2019-08-07,2185,872,0.39908466819221966,0.17940503432494279,TRUE,FALSE,TRUE
2019-08-08,2257,1056,0.4678777137793531,0.19406291537439077,TRUE,TRUE,TRUE
2019-08-09,2301,860,0.3737505432420687,0.13993915688830944,TRUE,FALSE,TRUE
2019-08-10,1980,631,0.3186868686868687,0.08434343434343435,TRUE,FALSE,FALSE
2019-08-11,2154,718,0.3333333333333333,0.10492107706592387,TRUE,FALSE,TRUE
2019-08-12,2198,687,0.31255686988171066,0.09645131938125569,TRUE,FALSE,FALSE
2019-08-13,2205,803,0.364172335600907,0.14331065759637188,TRUE,FALSE,TRUE
2019-08-14,2212,882,0.3987341772151899,0.16139240506329114,TRUE,FALSE,TRUE
2019-08-15,2278,864,0.37928007023705007,0.15057067603160668,TRUE,FALSE,TRUE
2019-08-16,2205,830,0.3764172335600907,0.1310657596371882,TRUE,FALSE,TRUE
2019-08-17,1901,769,0.40452393477117304,0.15781167806417676,TRUE,TRUE,TRUE
2019-08-18,2156,886,0.4109461966604824,0.19294990723562153,TRUE,TRUE,TRUE
2019-08-19,2117,848,0.4005668398677374,0.17855455833726971,TRUE,TRUE,TRUE
2019-08-20,1990,864,0.43417085427135677,0.2020100502512563,TRUE,TRUE,TRUE
2019-08-21,2121,823,0.388024516737388,0.15275813295615276,TRUE,FALSE,TRUE
2019-08-22,2165,875,0.40415704387990764,0.16166281755196305,TRUE,TRUE,TRUE
2019-08-23,2330,844,0.3622317596566524,0.1317596566523605,TRUE,FALSE,TRUE
2019-08-24,1831,379,0.20699071545603495,0.05406881485527035,TRUE,FALSE,FALSE
2019-08-25,2194,564,0.25706472196900637,0.07839562443026436,TRUE,FALSE,FALSE
2019-08-26,2156,633,0.29359925788497215,0.09879406307977737,TRUE,FALSE,FALSE
2019-08-27,2136,638,0.29868913857677903,0.10720973782771535,TRUE,FALSE,TRUE
2019-08-28,2098,544,0.25929456625357483,0.09008579599618685,TRUE,FALSE,FALSE
2019-08-29,2150,618,0.2874418604651163,0.08558139534883721,TRUE,FALSE,FALSE
2019-08-30,2188,676,0.30895795246800734,0.10786106032906764,TRUE,FALSE,TRUE
2019-08-31,1660,439,0.2644578313253012,0.0608433734939759,TRUE,FALSE,FALSE
2019-09-01,1691,360,0.21289178001182732,0.06682436428149024,TRUE,FALSE,FALSE
2019-09-02,1980,512,0.2585858585858586,0.10404040404040404,TRUE,FALSE,TRUE
2019-09-03,1903,557,0.2926957435627956,0.09196006305832895,TRUE,FALSE,FALSE
2019-09-04,1985,424,0.2136020151133501,0.07204030226700252,TRUE,FALSE,FALSE
2019-09-05,2116,441,0.20841209829867674,0.048676748582230624,TRUE,FALSE,FALSE
2019-09-06,2130,544,0.25539906103286386,0.09483568075117371,TRUE,FALSE,FALSE
2019-09-07,1674,307,0.18339307048984468,0.04898446833930705,TRUE,FALSE,FALSE
2019-09-08,2078,528,0.25409047160731474,0.08517805582290663,TRUE,FALSE,FALSE
2019-09-09,2154,600,0.2785515320334262,0.08588672237697308,TRUE,FALSE,FALSE
2019-09-10,2050,585,0.28536585365853656,0.10975609756097561,TRUE,FALSE,TRUE
2019-09-11,2141,598,0.2793087342363382,0.09948622139187295,TRUE,FALSE,FALSE
2019-09-12,2143,847,0.3952403173121792,0.15352309846010265,TRUE,FALSE,TRUE
2019-09-13,2233,796,0.35647111509180474,0.13390058217644424,TRUE,FALSE,TRUE
2019-09-14,1669,346,0.20730976632714201,0.048532055122828044,TRUE,FALSE,FALSE
2019-09-15,2093,602,0.28762541806020064,0.08934543717152413,TRUE,FALSE,FALSE
2019-09-16,2197,593,0.2699135184342285,0.07237141556668183,TRUE,FALSE,FALSE
2019-09-17,2123,555,0.26142251530852567,0.08101742816768724,TRUE,FALSE,FALSE
2019-09-18,2132,620,0.29080675422138835,0.0877110694183865,TRUE,FALSE,FALSE
2019-09-19,2098,729,0.3474737845567207,0.10533841754051478,TRUE,FALSE,TRUE
2019-09-20,2029,685,0.33760473139477576,0.11779201577131591,TRUE,FALSE,TRUE
2019-09-21,1688,383,0.2268957345971564,0.05627962085308057,TRUE,FALSE,FALSE
2019-09-22,2170,598,0.27557603686635945,0.07603686635944701,TRUE,FALSE,FALSE
2019-09-23,2201,600,0.2726033621081327,0.07587460245343026,TRUE,FALSE,FALSE
2019-09-24,2043,434,0.21243269701419482,0.055800293685756244,TRUE,FALSE,FALSE
2019-09-25,2076,422,0.20327552986512523,0.03757225433526012,TRUE,FALSE,FALSE
2019-09-26,2176,668,0.3069852941176471,0.09604779411764706,TRUE,FALSE,FALSE
2019-09-27,2188,688,0.31444241316270566,0.10923217550274222,TRUE,FALSE,TRUE
2019-09-28,1697,469,0.27637006482027104,0.07307012374779022,TRUE,FALSE,FALSE
2019-09-29,2085,626,0.30023980815347723,0.08249400479616308,TRUE,FALSE,FALSE
2019-09-30,2103,566,0.2691393247741322,0.07037565382786495,TRUE,FALSE,FALSE
2019-10-01,2075,445,0.21445783132530122,0.05253012048192771,TRUE,FALSE,FALSE
2019-10-02,2111,536,0.2539081004263382,0.08289909995262909,TRUE,FALSE,FALSE
2019-10-03,2166,600,0.2770083102493075,0.07063711911357341,TRUE,FALSE,FALSE
2019-10-04,2232,613,0.2746415770609319,0.09005376344086022,TRUE,FALSE,FALSE
2019-10-05,1760,378,0.21477272727272728,0.04943181818181818,TRUE,FALSE,FALSE
2019-10-06,2155,627,0.29095127610208815,0.08259860788863109,TRUE,FALSE,FALSE
2019-10-07,2213,633,0.28603705377315863,0.07727067329417081,TRUE,FALSE,FALSE
2019-10-08,2111,506,0.23969682614874466,0.06821411653244908,TRUE,FALSE,FALSE
2019-10-09,2140,612,0.28598130841121494,0.08457943925233645,TRUE,FALSE,FALSE
2019-10-10,2190,826,0.3771689497716895,0.1365296803652968,TRUE,FALSE,TRUE
2019-10-11,2246,1017,0.45280498664292074,0.19100623330365094,TRUE,TRUE,TRUE
2019-10-12,1760,440,0.25,0.06420454545454546,TRUE,FALSE,FALSE
2019-10-13,2120,601,0.28349056603773587,0.07075471698113207,TRUE,FALSE,FALSE
2019-10-14,2191,569,0.25969876768598815,0.05659516202647193,TRUE,FALSE,FALSE
2019-10-15,2094,557,0.26599808978032474,0.06017191977077364,TRUE,FALSE,FALSE
2019-10-16,2121,703,0.33144743045733144,0.09712399811409712,TRUE,FALSE,FALSE
2019-10-17,2207,792,0.35885817852288177,0.13502492070684186,TRUE,FALSE,TRUE
2019-10-18,2255,753,0.33392461197339246,0.09312638580931264,TRUE,FALSE,FALSE
2019-10-19,1755,455,0.25925925925925924,0.0603988603988604,TRUE,FALSE,FALSE
2019-10-20,2217,811,0.36580965268380694,0.13035633739287325,TRUE,FALSE,TRUE
2019-10-21,2247,963,0.42857142857142855,0.16777926123720516,TRUE,TRUE,TRUE
2019-10-22,2085,700,0.33573141486810554,0.10743405275779376,TRUE,FALSE,TRUE
2019-10-23,2156,536,0.24860853432282004,0.059369202226345084,TRUE,FALSE,FALSE
2019-10-24,2160,695,0.32175925925925924,0.10833333333333334,TRUE,FALSE,TRUE
2019-10-25,2181,833,0.38193489225126087,0.12196240256762952,TRUE,FALSE,TRUE
2019-10-26,1673,439,0.26240286909742977,0.08667065152420801,TRUE,FALSE,FALSE
2019-10-27,2026,716,0.35340572556762095,0.12290227048371175,TRUE,FALSE,TRUE
2019-10-28,2049,574,0.28013665202537824,0.08394338701805759,TRUE,FALSE,FALSE
2019-10-29,1955,662,0.33861892583120207,0.1360613810741688,TRUE,FALSE,TRUE
2019-10-30,1954,820,0.4196519959058342,0.16376663254861823,TRUE,TRUE,TRUE
2019-10-31,1806,766,0.42414174972314506,0.17552602436323367,TRUE,TRUE,TRUE
2019-11-01,2046,689,0.3367546432062561,0.10312805474095797,TRUE,FALSE,TRUE
2019-11-02,1682,406,0.2413793103448276,0.052318668252080855,TRUE,FALSE,FALSE
2019-11-03,2111,561,0.2657508289909995,0.06821411653244908,TRUE,FALSE,FALSE
2019-11-04,2222,528,0.2376237623762376,0.05490549054905491,TRUE,FALSE,FALSE
2019-11-05,1998,440,0.22022022022022023,0.06156156156156156,TRUE,FALSE,FALSE
2019-11-06,2089,564,0.26998563906175205,0.06749640976543801,TRUE,FALSE,FALSE
2019-11-07,2238,799,0.35701519213583555,0.11170688114387846,TRUE,FALSE,TRUE
2019-11-08,2082,777,0.37319884726224783,0.10806916426512968,TRUE,FALSE,TRUE
2019-11-09,1720,429,0.24941860465116278,0.06569767441860465,TRUE,FALSE,FALSE
2019-11-10,2137,537,0.25128685072531587,0.05708937763219467,TRUE,FALSE,FALSE
2019-11-11,2051,877,0.42759629449049247,0.1750365675280351,TRUE,TRUE,TRUE
2019-11-12,2118,959,0.45278564683663836,0.1558073654390935,TRUE,TRUE,TRUE
2019-11-13,2150,628,0.29209302325581393,0.07906976744186046,TRUE,FALSE,FALSE
2019-11-14,2237,687,0.30710773357174787,0.0813589628967367,TRUE,FALSE,FALSE
2019-11-15,2185,651,0.2979405034324943,0.07505720823798627,TRUE,FALSE,FALSE
2019-11-16,1743,359,0.2059667240390132,0.060240963855421686,TRUE,FALSE,FALSE
2019-11-17,2082,532,0.25552353506243997,0.06676272814601344,TRUE,FALSE,FALSE
2019-11-18,2165,605,0.279445727482679,0.09376443418013856,TRUE,FALSE,FALSE
2019-11-19,2164,472,0.21811460258780038,0.05499075785582255,TRUE,FALSE,FALSE
2019-11-20,2113,574,0.2716516800757217,0.08566019876952201,TRUE,FALSE,FALSE
2019-11-21,2193,651,0.2968536251709986,0.07797537619699042,TRUE,FALSE,FALSE
2019-11-22,2245,692,0.3082405345211581,0.0779510022271715,TRUE,FALSE,FALSE
2019-11-23,1883,476,0.2527881040892193,0.04938927243759957,TRUE,FALSE,FALSE
2019-11-24,2095,507,0.24200477326968975,0.07589498806682578,TRUE,FALSE,FALSE
2019-11-25,2157,474,0.21974965229485396,0.056096430227167364,TRUE,FALSE,FALSE
2019-11-26,2123,692,0.3259538389072068,0.09467734338200659,TRUE,FALSE,FALSE
2019-11-27,2169,780,0.359612724757953,0.11802674043337943,TRUE,FALSE,TRUE
2019-11-28,1333,290,0.2175543885971493,0.05326331582895724,TRUE,FALSE,FALSE
2019-11-29,1536,403,0.2623697916666667,0.06705729166666667,TRUE,FALSE,FALSE
2019-11-30,2159,931,0.4312181565539602,0.15423807318202873,TRUE,TRUE,TRUE
2019-12-01,2292,1186,0.5174520069808028,0.21902268760907503,TRUE,TRUE,TRUE
2019-12-02,2189,1125,0.5139333028780265,0.2215623572407492,TRUE,TRUE,TRUE
2019-12-03,1978,894,0.45197168857431747,0.1673407482305359,TRUE,TRUE,TRUE
2019-12-04,1983,729,0.367624810892587,0.12203731719616742,TRUE,FALSE,TRUE
2019-12-05,2180,661,0.30321100917431193,0.07431192660550459,TRUE,FALSE,FALSE
2019-12-06,2182,645,0.29560036663611367,0.09715857011915674,TRUE,FALSE,FALSE
2019-12-07,1628,416,0.25552825552825553,0.07371007371007371,TRUE,FALSE,FALSE
2019-12-08,2097,544,0.25941821649976154,0.06342393896041965,TRUE,FALSE,FALSE
2019-12-09,2164,865,0.39972273567467653,0.15850277264325324,TRUE,FALSE,TRUE
2019-12-10,2077,620,0.29850746268656714,0.08136735676456427,TRUE,FALSE,FALSE
2019-12-11,2023,732,0.36183885318833414,0.14335145823035098,TRUE,FALSE,TRUE
2019-12-12,2167,747,0.3447161975080757,0.0844485463774804,TRUE,FALSE,FALSE
2019-12-13,2199,869,0.39517962710322874,0.12869486130059118,TRUE,FALSE,TRUE
2019-12-14,1611,536,0.33271260086902543,0.10614525139664804,TRUE,FALSE,TRUE
2019-12-15,2116,616,0.29111531190926276,0.08175803402646503,TRUE,FALSE,FALSE
2019-12-16,2120,747,0.35235849056603774,0.1080188679245283,TRUE,FALSE,TRUE
2019-12-17,1866,798,0.42765273311897106,0.17631296891747053,TRUE,TRUE,TRUE
2019-12-18,2031,850,0.41851304775972425,0.13195470211718366,TRUE,TRUE,TRUE
2019-12-19,2137,928,0.4342536265793168,0.13196069255966308,TRUE,TRUE,TRUE
2019-12-20,2187,905,0.41380887059899407,0.12071330589849108,TRUE,TRUE,TRUE
2019-12-21,2021,830,0.4106877783275606,0.11182582879762494,TRUE,TRUE,TRUE
2019-12-22,2151,1012,0.47047884704788473,0.1515574151557415,TRUE,TRUE,TRUE
2019-12-23,2173,1052,0.48412333179935574,0.17441325356649792,TRUE,TRUE,TRUE
2019-12-24,1678,571,0.3402860548271752,0.09177592371871275,TRUE,FALSE,FALSE
2019-12-25,1691,424,0.25073920756948553,0.07214665878178593,TRUE,FALSE,FALSE
2019-12-26,2105,768,0.3648456057007126,0.12066508313539193,TRUE,FALSE,TRUE
2019-12-27,2101,792,0.3769633507853403,0.10090433127082342,TRUE,FALSE,TRUE
2019-12-28,1963,904,0.46051961283749365,0.19918492103922567,TRUE,TRUE,TRUE
2019-12-29,2168,989,0.4561808118081181,0.15313653136531366,TRUE,TRUE,TRUE
2019-12-30,2188,985,0.45018281535648996,0.1640767824497258,TRUE,TRUE,TRUE
2019-12-31,1776,674,0.3795045045045045,0.10585585585585586,TRUE,FALSE,TRUE
2020-01-01,1862,551,0.29591836734693877,0.07679914070891515,TRUE,FALSE,FALSE
2020-01-02,2135,660,0.3091334894613583,0.08477751756440281,TRUE,FALSE,FALSE
2020-01-03,2053,739,0.35996103263516804,0.11738918655625913,TRUE,FALSE,TRUE
2020-01-04,1880,807,0.42925531914893617,0.1601063829787234,TRUE,TRUE,TRUE
2020-01-05,2149,778,0.3620288506281992,0.09167054443927408,TRUE,FALSE,FALSE
2020-01-06,2083,605,0.2904464714354297,0.08545367258761402,TRUE,FALSE,FALSE
2020-01-07,1987,394,0.19828887770508305,0.04881731253145445,TRUE,FALSE,FALSE
2020-01-08,1974,463,0.23454913880445796,0.07193515704154002,TRUE,FALSE,FALSE
2020-01-09,2181,418,0.1916552040348464,0.05135259055479138,TRUE,FALSE,FALSE
2020-01-10,2076,584,0.2813102119460501,0.10067437379576108,TRUE,FALSE,TRUE
2020-01-11,1449,556,0.3837129054520359,0.14837819185645273,TRUE,FALSE,TRUE
2020-01-12,2058,732,0.3556851311953353,0.10252672497570457,TRUE,FALSE,TRUE
2020-01-13,2048,637,0.31103515625,0.0966796875,TRUE,FALSE,FALSE
2020-01-14,1961,494,0.2519122896481387,0.08210096889342172,TRUE,FALSE,FALSE
2020-01-15,2012,412,0.2047713717693837,0.05815109343936382,TRUE,FALSE,FALSE
2020-01-16,2091,799,0.3821138211382114,0.15399330463892874,TRUE,FALSE,TRUE
2020-01-17,2077,769,0.3702455464612422,0.10640346653827636,TRUE,FALSE,TRUE
2020-01-18,1547,588,0.38009049773755654,0.12087912087912088,TRUE,FALSE,TRUE
2020-01-19,1852,517,0.2791576673866091,0.08153347732181425,TRUE,FALSE,FALSE
2020-01-20,2082,555,0.2665706051873199,0.06772334293948126,TRUE,FALSE,FALSE
2020-01-21,1969,459,0.23311325545962416,0.06500761808024377,TRUE,FALSE,FALSE
2020-01-22,1997,388,0.1942914371557336,0.04957436154231347,TRUE,FALSE,FALSE
2020-01-23,2136,568,0.26591760299625467,0.06741573033707865,TRUE,FALSE,FALSE
2020-01-24,2058,552,0.26822157434402333,0.06462585034013606,TRUE,FALSE,FALSE
2020-01-25,1564,364,0.23273657289002558,0.06841432225063938,TRUE,FALSE,FALSE
2020-01-26,1996,445,0.22294589178356713,0.05911823647294589,TRUE,FALSE,FALSE
2020-01-27,2074,547,0.26374156219864997,0.08437801350048216,TRUE,FALSE,FALSE
2020-01-28,1935,343,0.1772609819121447,0.04857881136950904,TRUE,FALSE,FALSE
2020-01-29,1941,313,0.16125708397733127,0.02936630602782071,TRUE,FALSE,FALSE
2020-01-30,2135,478,0.22388758782201404,0.05901639344262295,TRUE,FALSE,FALSE
2020-01-31,2068,577,0.2790135396518375,0.08075435203094777,TRUE,FALSE,FALSE
2020-02-01,1615,379,0.2346749226006192,0.058823529411764705,TRUE,FALSE,FALSE
2020-02-02,1913,389,0.20334553058024046,0.052273915316257184,TRUE,FALSE,FALSE
2020-02-03,2086,530,0.25407478427612656,0.08868648130393098,TRUE,FALSE,FALSE
2020-02-04,1970,370,0.18781725888324874,0.049746192893401014,TRUE,FALSE,FALSE
2020-02-05,1967,451,0.22928317234367057,0.061514997458057954,TRUE,FALSE,FALSE
2020-02-06,2060,969,0.4703883495145631,0.26019417475728157,TRUE,TRUE,TRUE
2020-02-07,2031,1018,0.5012309207287051,0.2678483505662235,TRUE,TRUE,TRUE
2020-02-08,1666,428,0.25690276110444177,0.08283313325330131,TRUE,FALSE,FALSE
2020-02-09,1968,666,0.3384146341463415,0.12550813008130082,TRUE,FALSE,TRUE
2020-02-10,2158,625,0.2896200185356812,0.08619091751621873,TRUE,FALSE,FALSE
2020-02-11,1973,446,0.22605169792194627,0.055752660922453116,TRUE,FALSE,FALSE
2020-02-12,1976,487,0.24645748987854252,0.07236842105263158,TRUE,FALSE,FALSE
2020-02-13,2104,1103,0.5242395437262357,0.26093155893536124,TRUE,TRUE,TRUE
2020-02-14,2140,690,0.32242990654205606,0.08738317757009346,TRUE,FALSE,FALSE
2020-02-15,1707,433,0.2536613942589338,0.06795547744581136,TRUE,FALSE,FALSE
2020-02-16,1832,417,0.22762008733624453,0.06331877729257641,TRUE,FALSE,FALSE
2020-02-17,2112,523,0.24763257575757575,0.058712121212121215,TRUE,FALSE,FALSE
2020-02-18,2135,589,0.2758782201405152,0.07822014051522248,TRUE,FALSE,FALSE
2020-02-19,2098,487,0.2321258341277407,0.05147759771210677,TRUE,FALSE,FALSE
2020-02-20,2101,595,0.2831984769157544,0.07758210376011423,TRUE,FALSE,FALSE
2020-02-21,2158,585,0.2710843373493976,0.07136237256719184,TRUE,FALSE,FALSE
2020-02-22,1732,381,0.2199769053117783,0.046189376443418015,TRUE,FALSE,FALSE
2020-02-23,2131,478,0.22430783669638668,0.055373064289066166,TRUE,FALSE,FALSE
2020-02-24,2156,509,0.23608534322820038,0.05890538033395176,TRUE,FALSE,FALSE
2020-02-25,2021,451,0.223156853043048,0.06580900544285008,TRUE,FALSE,FALSE
2020-02-26,2081,625,0.30033637674195096,0.1114848630466122,TRUE,FALSE,TRUE
2020-02-27,2134,630,0.2952202436738519,0.1007497656982193,TRUE,FALSE,TRUE
2020-02-28,2212,569,0.25723327305605787,0.05786618444846293,TRUE,FALSE,FALSE
2020-02-29,1731,400,0.23108030040439054,0.0560369728480647,TRUE,FALSE,FALSE
2020-03-01,2069,497,0.2402126631222813,0.05944900918318028,TRUE,FALSE,FALSE
2020-03-02,2140,416,0.19439252336448598,0.048598130841121495,TRUE,FALSE,FALSE
2020-03-03,2077,337,0.16225324987963408,0.041405873856523834,TRUE,FALSE,FALSE
2020-03-04,2122,512,0.2412818096135721,0.08388312912346843,TRUE,FALSE,FALSE
2020-03-05,2175,437,0.20091954022988506,0.049195402298850575,TRUE,FALSE,FALSE
2020-03-06,2227,517,0.23215087561742254,0.06645711719802425,TRUE,FALSE,FALSE
2020-03-07,1834,331,0.18047982551799346,0.04362050163576881,TRUE,FALSE,FALSE
2020-03-08,2071,474,0.22887493964268468,0.06180589087397392,TRUE,FALSE,FALSE
2020-03-09,2232,360,0.16129032258064516,0.0456989247311828,TRUE,FALSE,FALSE
2020-03-10,2177,401,0.18419843821773083,0.06614607257694075,TRUE,FALSE,FALSE
2020-03-11,2111,391,0.1852202747513027,0.056371387967787775,TRUE,FALSE,FALSE
2020-03-12,2265,461,0.20353200883002207,0.05695364238410596,TRUE,FALSE,FALSE
2020-03-13,2267,701,0.30921923246581384,0.12307013674459638,TRUE,FALSE,TRUE
2020-03-14,1871,463,0.24746125066809194,0.07642971672902191,TRUE,FALSE,FALSE
2020-03-15,2172,444,0.20441988950276244,0.061694290976058934,TRUE,FALSE,FALSE
2020-03-16,2219,353,0.1590806669671023,0.04506534474988734,TRUE,FALSE,FALSE
2020-03-17,2085,313,0.15011990407673861,0.044124700239808155,TRUE,FALSE,FALSE
2020-03-18,2064,353,0.17102713178294573,0.06589147286821706,TRUE,FALSE,FALSE
2020-03-19,1869,406,0.21722846441947566,0.09042268592830391,TRUE,FALSE,FALSE
2020-03-20,1877,418,0.22269579115610016,0.07778369738945125,TRUE,FALSE,FALSE
2020-03-21,1511,284,0.18795499669093316,0.07015221707478492,TRUE,FALSE,FALSE
2020-03-22,1543,266,0.17239144523655217,0.05832793259883344,TRUE,FALSE,FALSE
2020-03-23,1448,222,0.15331491712707182,0.052486187845303865,TRUE,FALSE,FALSE
2020-03-24,1343,153,0.11392405063291139,0.03723008190618019,TRUE,FALSE,FALSE
2020-03-25,1202,124,0.10316139767054909,0.0324459234608985,TRUE,FALSE,FALSE
2020-03-26,1120,122,0.10892857142857143,0.03214285714285714,TRUE,FALSE,FALSE
2020-03-27,1024,89,0.0869140625,0.0205078125,TRUE,FALSE,FALSE
2020-03-28,1012,122,0.12055335968379446,0.039525691699604744,TRUE,FALSE,FALSE
2020-03-29,1024,86,0.083984375,0.02734375,TRUE,FALSE,FALSE
2020-03-30,1010,98,0.09702970297029703,0.032673267326732675,TRUE,FALSE,FALSE
2020-03-31,991,104,0.10494450050454086,0.030272452068617558,TRUE,FALSE,FALSE
2020-04-01,917,124,0.13522355507088332,0.05561613958560523,TRUE,FALSE,FALSE
2020-04-02,840,97,0.11547619047619048,0.039285714285714285,TRUE,FALSE,FALSE
2020-04-03,876,98,0.11187214611872145,0.04223744292237443,TRUE,FALSE,FALSE
2020-04-04,752,73,0.09707446808510638,0.026595744680851064,TRUE,FALSE,FALSE
2020-04-05,813,69,0.08487084870848709,0.023370233702337023,TRUE,FALSE,FALSE
2020-04-06,787,150,0.1905972045743329,0.0940279542566709,TRUE,FALSE,FALSE
2020-04-07,749,44,0.05874499332443257,0.014686248331108143,TRUE,FALSE,FALSE
2020-04-08,707,56,0.07920792079207921,0.018387553041018388,TRUE,FALSE,FALSE
2020-04-09,716,67,0.0935754189944134,0.029329608938547486,TRUE,FALSE,FALSE
2020-04-10,692,43,0.06213872832369942,0.015895953757225433,TRUE,FALSE,FALSE
2020-04-11,626,45,0.07188498402555911,0.020766773162939296,TRUE,FALSE,FALSE
2020-04-12,648,66,0.10185185185185185,0.029320987654320986,TRUE,FALSE,FALSE
2020-04-13,669,58,0.08669656203288491,0.02092675635276532,TRUE,FALSE,FALSE
2020-04-14,561,45,0.08021390374331551,0.017825311942959002,TRUE,FALSE,FALSE
2020-04-15,607,60,0.09884678747940692,0.02800658978583196,TRUE,FALSE,FALSE
2020-04-16,547,54,0.09872029250457039,0.02010968921389397,TRUE,FALSE,FALSE
2020-04-17,577,51,0.08838821490467938,0.024263431542461005,TRUE,FALSE,FALSE
2020-04-18,491,52,0.10590631364562118,0.038696537678207736,TRUE,FALSE,FALSE
2020-04-19,521,62,0.11900191938579655,0.044145873320537425,TRUE,FALSE,FALSE
2020-04-20,504,40,0.07936507936507936,0.021825396825396824,TRUE,FALSE,FALSE
2020-04-21,522,33,0.06321839080459771,0.01532567049808429,TRUE,FALSE,FALSE
2020-04-22,482,44,0.0912863070539419,0.02074688796680498,TRUE,FALSE,FALSE
2020-04-23,561,43,0.0766488413547237,0.016042780748663103,TRUE,FALSE,FALSE
2020-04-24,537,71,0.13221601489757914,0.040968342644320296,TRUE,FALSE,FALSE
2020-04-25,457,45,0.09846827133479212,0.02188183807439825,TRUE,FALSE,FALSE
2020-04-26,496,47,0.09475806451612903,0.020161290322580645,TRUE,FALSE,FALSE
2020-04-27,516,37,0.07170542635658915,0.02131782945736434,TRUE,FALSE,FALSE
2020-04-28,528,54,0.10227272727272728,0.011363636363636364,TRUE,FALSE,FALSE
2020-04-29,512,46,0.08984375,0.015625,TRUE,FALSE,FALSE
2020-04-30,520,51,0.09807692307692308,0.01730769230769231,TRUE,FALSE,FALSE
2020-05-01,551,47,0.0852994555353902,0.012704174228675136,TRUE,FALSE,FALSE
2020-05-02,487,52,0.10677618069815195,0.03285420944558522,TRUE,FALSE,FALSE
2020-05-03,552,49,0.08876811594202899,0.03804347826086957,TRUE,FALSE,FALSE
2020-05-04,604,68,0.11258278145695365,0.03642384105960265,TRUE,FALSE,FALSE
2020-05-05,491,58,0.11812627291242363,0.03665987780040733,TRUE,FALSE,FALSE
2020-05-06,492,50,0.1016260162601626,0.024390243902439025,TRUE,FALSE,FALSE
2020-05-07,576,65,0.11284722222222222,0.029513888888888888,TRUE,FALSE,FALSE
2020-05-08,586,78,0.13310580204778158,0.03583617747440273,TRUE,FALSE,FALSE
2020-05-09,501,37,0.07385229540918163,0.011976047904191617,TRUE,FALSE,FALSE
2020-05-10,542,45,0.08302583025830258,0.01845018450184502,TRUE,FALSE,FALSE
2020-05-11,594,59,0.09932659932659933,0.018518518518518517,TRUE,FALSE,FALSE
2020-05-12,500,51,0.102,0.02,TRUE,FALSE,FALSE
2020-05-13,539,48,0.08905380333951762,0.02040816326530612,TRUE,FALSE,FALSE
2020-05-14,594,84,0.1414141414141414,0.05218855218855219,TRUE,FALSE,FALSE
2020-05-15,572,82,0.14335664335664336,0.03496503496503497,TRUE,FALSE,FALSE
2020-05-16,509,54,0.10609037328094302,0.03143418467583497,TRUE,FALSE,FALSE
2020-05-17,574,60,0.10452961672473868,0.029616724738675958,TRUE,FALSE,FALSE
2020-05-18,555,57,0.10270270270270271,0.021621621621621623,TRUE,FALSE,FALSE
2020-05-19,505,59,0.11683168316831684,0.01782178217821782,TRUE,FALSE,FALSE
2020-05-20,594,59,0.09932659932659933,0.018518518518518517,TRUE,FALSE,FALSE
2020-05-21,623,89,0.14285714285714285,0.027287319422150885,TRUE,FALSE,FALSE
2020-05-22,592,103,0.17398648648648649,0.04560810810810811,TRUE,FALSE,FALSE
2020-05-23,516,60,0.11627906976744186,0.01937984496124031,TRUE,FALSE,FALSE
2020-05-24,603,70,0.11608623548922056,0.03150912106135987,TRUE,FALSE,FALSE
2020-05-25,617,78,0.12641815235008103,0.03403565640194489,TRUE,FALSE,FALSE
2020-05-26,514,84,0.16342412451361868,0.04474708171206226,TRUE,FALSE,FALSE
2020-05-27,578,85,0.14705882352941177,0.01903114186851211,TRUE,FALSE,FALSE
2020-05-28,656,108,0.16463414634146342,0.051829268292682924,TRUE,FALSE,FALSE
2020-05-29,592,83,0.14020270270270271,0.03885135135135135,TRUE,FALSE,FALSE
2020-05-30,545,91,0.1669724770642202,0.027522935779816515,TRUE,FALSE,FALSE
2020-05-31,661,86,0.13010590015128592,0.03328290468986384,TRUE,FALSE,FALSE
2020-06-01,644,87,0.13509316770186336,0.020186335403726708,TRUE,FALSE,FALSE
2020-06-02,546,74,0.13553113553113552,0.02197802197802198,TRUE,FALSE,FALSE
2020-06-03,608,97,0.15953947368421054,0.02631578947368421,TRUE,FALSE,FALSE
2020-06-04,740,116,0.15675675675675677,0.031081081081081083,TRUE,FALSE,FALSE
2020-06-05,697,103,0.14777618364418937,0.035868005738880916,TRUE,FALSE,FALSE
2020-06-06,659,102,0.15477996965098634,0.042488619119878605,TRUE,FALSE,FALSE
2020-06-07,775,101,0.13032258064516128,0.016774193548387096,TRUE,FALSE,FALSE
2020-06-08,803,102,0.12702366127023662,0.021170610211706103,TRUE,FALSE,FALSE
2020-06-09,679,84,0.12371134020618557,0.030927835051546393,TRUE,FALSE,FALSE
2020-06-10,688,97,0.14098837209302326,0.03488372093023256,TRUE,FALSE,FALSE
2020-06-11,790,122,0.15443037974683543,0.03291139240506329,TRUE,FALSE,FALSE
2020-06-12,814,132,0.16216216216216217,0.036855036855036855,TRUE,FALSE,FALSE
2020-06-13,692,97,0.14017341040462428,0.031791907514450865,TRUE,FALSE,FALSE
2020-06-14,801,103,0.1285892634207241,0.017478152309612985,TRUE,FALSE,FALSE
2020-06-15,841,86,0.10225921521997622,0.020214030915576695,TRUE,FALSE,FALSE
2020-06-16,726,80,0.11019283746556474,0.01652892561983471,TRUE,FALSE,FALSE
2020-06-17,762,105,0.13779527559055119,0.01968503937007874,TRUE,FALSE,FALSE
2020-06-18,836,131,0.15669856459330145,0.028708133971291867,TRUE,FALSE,FALSE
2020-06-19,897,155,0.17279821627647715,0.03678929765886288,TRUE,FALSE,FALSE
2020-06-20,735,117,0.15918367346938775,0.03537414965986395,TRUE,FALSE,FALSE
2020-06-21,873,192,0.21993127147766323,0.054982817869415807,TRUE,FALSE,FALSE
2020-06-22,830,161,0.19397590361445782,0.06626506024096386,TRUE,FALSE,FALSE
2020-06-23,747,141,0.18875502008032127,0.0535475234270415,TRUE,FALSE,FALSE
2020-06-24,745,120,0.1610738255033557,0.032214765100671144,TRUE,FALSE,FALSE
2020-06-25,898,151,0.16815144766146994,0.031180400890868598,TRUE,FALSE,FALSE
2020-06-26,869,173,0.19907940161104717,0.04833141542002301,TRUE,FALSE,FALSE
2020-06-27,808,139,0.17202970297029702,0.0297029702970297,TRUE,FALSE,FALSE
2020-06-28,885,176,0.19887005649717515,0.05649717514124294,TRUE,FALSE,FALSE
2020-06-29,936,169,0.18055555555555555,0.049145299145299144,TRUE,FALSE,FALSE
2020-06-30,752,117,0.15558510638297873,0.02526595744680851,TRUE,FALSE,FALSE
2020-07-01,879,177,0.20136518771331058,0.055745164960182024,TRUE,FALSE,FALSE
2020-07-02,1072,237,0.22108208955223882,0.05317164179104478,TRUE,FALSE,FALSE
2020-07-03,1059,183,0.17280453257790368,0.03493862134088763,TRUE,FALSE,FALSE
2020-07-04,827,95,0.11487303506650544,0.02902055622732769,TRUE,FALSE,FALSE
2020-07-05,1030,217,0.21067961165048543,0.07378640776699029,TRUE,FALSE,FALSE
2020-07-06,1069,232,0.21702525724976612,0.07109448082319925,TRUE,FALSE,FALSE
2020-07-07,1081,221,0.20444033302497688,0.04995374653098982,TRUE,FALSE,FALSE
2020-07-08,1135,168,0.14801762114537445,0.04140969162995595,TRUE,FALSE,FALSE
2020-07-09,1240,196,0.15806451612903225,0.03951612903225806,TRUE,FALSE,FALSE
2020-07-10,1219,247,0.2026251025430681,0.06972928630024611,TRUE,FALSE,FALSE
2020-07-11,1192,179,0.15016778523489932,0.034395973154362415,TRUE,FALSE,FALSE
2020-07-12,1205,191,0.15850622406639003,0.04066390041493776,TRUE,FALSE,FALSE
2020-07-13,1226,159,0.12969004893964112,0.03099510603588907,TRUE,FALSE,FALSE
2020-07-14,1092,127,0.1163003663003663,0.031135531135531136,TRUE,FALSE,FALSE
2020-07-15,1137,161,0.14160070360598065,0.036939313984168866,TRUE,FALSE,FALSE
2020-07-16,1217,162,0.13311421528348397,0.04026294165981923,TRUE,FALSE,FALSE
2020-07-17,1250,193,0.1544,0.032,TRUE,FALSE,FALSE
2020-07-18,1247,183,0.1467522052927025,0.042502004811547714,TRUE,FALSE,FALSE
2020-07-19,1249,271,0.21697357886309046,0.0944755804643715,TRUE,FALSE,FALSE
2020-07-20,1292,198,0.15325077399380804,0.05804953560371517,TRUE,FALSE,FALSE
2020-07-21,1076,150,0.13940520446096655,0.04275092936802974,TRUE,FALSE,FALSE
2020-07-22,1130,168,0.14867256637168141,0.050442477876106194,TRUE,FALSE,FALSE
2020-07-23,1211,175,0.14450867052023122,0.03303055326176713,TRUE,FALSE,FALSE
2020-07-24,1326,181,0.13650075414781296,0.04072398190045249,TRUE,FALSE,FALSE
2020-07-25,1180,183,0.15508474576271186,0.04067796610169491,TRUE,FALSE,FALSE
2020-07-26,1269,171,0.1347517730496454,0.03309692671394799,TRUE,FALSE,FALSE
2020-07-27,1285,162,0.12607003891050583,0.027237354085603113,TRUE,FALSE,FALSE
2020-07-28,1076,129,0.11988847583643122,0.0362453531598513,TRUE,FALSE,FALSE
2020-07-29,1095,144,0.13150684931506848,0.033789954337899546,TRUE,FALSE,FALSE
2020-07-30,1234,150,0.12155591572123177,0.041329011345218804,TRUE,FALSE,FALSE
2020-07-31,1214,174,0.14332784184514002,0.04036243822075782,TRUE,FALSE,FALSE
2020-08-01,1220,209,0.17131147540983607,0.03360655737704918,TRUE,FALSE,FALSE
2020-08-02,1318,201,0.15250379362670713,0.03490136570561457,TRUE,FALSE,FALSE
2020-08-03,1272,200,0.15723270440251572,0.049528301886792456,TRUE,FALSE,FALSE
2020-08-04,1059,191,0.18035882908404155,0.053824362606232294,TRUE,FALSE,FALSE
2020-08-05,1106,138,0.12477396021699819,0.028933092224231464,TRUE,FALSE,FALSE
2020-08-06,1255,189,0.150597609561753,0.050199203187251,TRUE,FALSE,FALSE
2020-08-07,1305,185,0.1417624521072797,0.03984674329501916,TRUE,FALSE,FALSE
2020-08-08,1201,135,0.11240632805995004,0.026644462947543714,TRUE,FALSE,FALSE
2020-08-09,1220,171,0.14016393442622951,0.03442622950819672,TRUE,FALSE,FALSE
2020-08-10,1315,255,0.19391634980988592,0.07376425855513308,TRUE,FALSE,FALSE
2020-08-11,1119,125,0.11170688114387846,0.025022341376228777,TRUE,FALSE,FALSE
2020-08-12,1145,164,0.14323144104803492,0.03318777292576419,TRUE,FALSE,FALSE
2020-08-13,1295,216,0.1667953667953668,0.047104247104247106,TRUE,FALSE,FALSE
2020-08-14,1312,199,0.15167682926829268,0.04496951219512195,TRUE,FALSE,FALSE
2020-08-15,1245,176,0.14136546184738955,0.036947791164658635,TRUE,FALSE,FALSE
2020-08-16,1332,243,0.18243243243243243,0.05105105105105105,TRUE,FALSE,FALSE
2020-08-17,1284,217,0.1690031152647975,0.04439252336448598,TRUE,FALSE,FALSE
2020-08-18,1092,133,0.12179487179487179,0.028388278388278388,TRUE,FALSE,FALSE
2020-08-19,1126,137,0.1216696269982238,0.03285968028419183,TRUE,FALSE,FALSE
2020-08-20,1339,171,0.1277072442120986,0.0268857356235997,TRUE,FALSE,FALSE
2020-08-21,1290,162,0.12558139534883722,0.03488372093023256,TRUE,FALSE,FALSE
2020-08-22,1230,153,0.12439024390243902,0.026829268292682926,TRUE,FALSE,FALSE
2020-08-23,1320,264,0.2,0.058333333333333334,TRUE,FALSE,FALSE
2020-08-24,1248,211,0.16907051282051283,0.035256410256410256,TRUE,FALSE,FALSE
2020-08-25,1046,105,0.10038240917782026,0.019120458891013385,TRUE,FALSE,FALSE
2020-08-26,1079,152,0.14087117701575533,0.05004633920296571,TRUE,FALSE,FALSE
2020-08-27,1294,202,0.1561051004636785,0.03941267387944358,TRUE,FALSE,FALSE
2020-08-28,1266,245,0.19352290679304898,0.060821484992101105,TRUE,FALSE,FALSE
2020-08-29,1195,135,0.11297071129707113,0.03096234309623431,TRUE,FALSE,FALSE
2020-08-30,1313,246,0.18735719725818736,0.07463823305407463,TRUE,FALSE,FALSE
2020-08-31,1299,199,0.15319476520400307,0.04772902232486528,TRUE,FALSE,FALSE
2020-09-01,1069,154,0.14405986903648269,0.04396632366697849,TRUE,FALSE,FALSE
2020-09-02,1020,119,0.11666666666666667,0.03137254901960784,TRUE,FALSE,FALSE
2020-09-03,1271,187,0.14712824547600314,0.03697875688434304,TRUE,FALSE,FALSE
2020-09-04,1233,195,0.15815085158150852,0.0373073803730738,TRUE,FALSE,FALSE
2020-09-05,1119,168,0.15013404825737264,0.045576407506702415,TRUE,FALSE,FALSE
2020-09-06,1062,136,0.128060263653484,0.023540489642184557,TRUE,FALSE,FALSE
2020-09-07,1209,188,0.1555004135649297,0.03556658395368073,TRUE,FALSE,FALSE
2020-09-08,995,218,0.21909547738693466,0.0743718592964824,TRUE,FALSE,FALSE
2020-09-09,983,197,0.20040691759918616,0.052899287894201424,TRUE,FALSE,FALSE
2020-09-10,1144,176,0.15384615384615385,0.032342657342657344,TRUE,FALSE,FALSE
2020-09-11,1114,136,0.12208258527827648,0.02244165170556553,TRUE,FALSE,FALSE
2020-09-12,1094,153,0.13985374771480805,0.03290676416819013,TRUE,FALSE,FALSE
2020-09-13,1108,154,0.13898916967509026,0.02256317689530686,TRUE,FALSE,FALSE
2020-09-14,1144,167,0.145979020979021,0.03496503496503497,TRUE,FALSE,FALSE
2020-09-15,936,118,0.12606837606837606,0.029914529914529916,TRUE,FALSE,FALSE
2020-09-16,1040,127,0.12211538461538461,0.027884615384615386,TRUE,FALSE,FALSE
2020-09-17,1148,213,0.18554006968641115,0.06358885017421603,TRUE,FALSE,FALSE
2020-09-18,1205,199,0.16514522821576763,0.03900414937759336,TRUE,FALSE,FALSE
2020-09-19,974,106,0.10882956878850103,0.028747433264887063,TRUE,FALSE,FALSE
2020-09-20,1154,165,0.14298093587521662,0.03726169844020797,TRUE,FALSE,FALSE
2020-09-21,1118,126,0.11270125223613596,0.013416815742397137,TRUE,FALSE,FALSE
2020-09-22,925,126,0.1362162162162162,0.03351351351351351,TRUE,FALSE,FALSE
2020-09-23,984,115,0.11686991869918699,0.021341463414634148,TRUE,FALSE,FALSE
2020-09-24,1147,161,0.14036617262423715,0.026155187445510025,TRUE,FALSE,FALSE
2020-09-25,1094,164,0.14990859232175502,0.03656307129798903,TRUE,FALSE,FALSE
2020-09-26,1058,150,0.14177693761814744,0.03213610586011342,TRUE,FALSE,FALSE
2020-09-27,1140,138,0.12105263157894737,0.03245614035087719,TRUE,FALSE,FALSE
2020-09-28,1153,160,0.13876843018213356,0.029488291413703384,TRUE,FALSE,FALSE
2020-09-29,953,130,0.13641133263378805,0.03672612801678909,TRUE,FALSE,FALSE
2020-09-30,1029,137,0.13313896987366375,0.028182701652089408,TRUE,FALSE,FALSE
2020-10-01,1157,202,0.17458945548833188,0.032843560933448576,TRUE,FALSE,FALSE
2020-10-02,1222,181,0.14811783960720132,0.02618657937806874,TRUE,FALSE,FALSE
2020-10-03,1081,150,0.13876040703052728,0.03515263644773358,TRUE,FALSE,FALSE
2020-10-04,1219,187,0.15340442986054142,0.044298605414273995,TRUE,FALSE,FALSE
2020-10-05,1218,154,0.12643678160919541,0.026272577996715927,TRUE,FALSE,FALSE
2020-10-06,996,112,0.11244979919678715,0.020080321285140562,TRUE,FALSE,FALSE
2020-10-07,1046,106,0.10133843212237094,0.027724665391969407,TRUE,FALSE,FALSE
2020-10-08,1242,180,0.14492753623188406,0.028985507246376812,TRUE,FALSE,FALSE
2020-10-09,1251,201,0.1606714628297362,0.027977617905675458,TRUE,FALSE,FALSE
2020-10-10,1155,168,0.14545454545454545,0.033766233766233764,TRUE,FALSE,FALSE
2020-10-11,1284,241,0.18769470404984423,0.040498442367601244,TRUE,FALSE,FALSE
2020-10-12,1245,203,0.16305220883534136,0.040160642570281124,TRUE,FALSE,FALSE
2020-10-13,972,131,0.13477366255144033,0.023662551440329218,TRUE,FALSE,FALSE
2020-10-14,1053,129,0.1225071225071225,0.02564102564102564,TRUE,FALSE,FALSE
2020-10-15,1250,159,0.1272,0.028,TRUE,FALSE,FALSE
2020-10-16,1262,236,0.18700475435816163,0.04833597464342314,TRUE,FALSE,FALSE
2020-10-17,1191,182,0.1528127623845508,0.03442485306465155,TRUE,FALSE,FALSE
2020-10-18,1374,262,0.19068413391557495,0.040756914119359534,TRUE,FALSE,FALSE
2020-10-19,1214,192,0.15815485996705106,0.03871499176276771,TRUE,FALSE,FALSE
2020-10-20,1029,151,0.1467444120505345,0.03304178814382896,TRUE,FALSE,FALSE
2020-10-21,1045,134,0.12822966507177033,0.03062200956937799,TRUE,FALSE,FALSE
2020-10-22,1257,243,0.19331742243436753,0.04852824184566428,TRUE,FALSE,FALSE
2020-10-23,1257,396,0.315035799522673,0.13444709626093873,TRUE,FALSE,TRUE
2020-10-24,1080,157,0.14537037037037037,0.032407407407407406,TRUE,FALSE,FALSE
2020-10-25,1226,303,0.24714518760195758,0.07177814029363784,TRUE,FALSE,FALSE
2020-10-26,1172,277,0.2363481228668942,0.07081911262798635,TRUE,FALSE,FALSE
2020-10-27,1010,178,0.17623762376237623,0.0504950495049505,TRUE,FALSE,FALSE
2020-10-28,990,156,0.15757575757575756,0.03838383838383838,TRUE,FALSE,FALSE
2020-10-29,1134,211,0.18606701940035272,0.053791887125220456,TRUE,FALSE,FALSE
2020-10-30,1185,211,0.1780590717299578,0.04219409282700422,TRUE,FALSE,FALSE
2020-10-31,936,140,0.14957264957264957,0.030982905982905984,TRUE,FALSE,FALSE
2020-11-01,1256,203,0.16162420382165604,0.042993630573248405,TRUE,FALSE,FALSE
2020-11-02,1188,170,0.14309764309764308,0.03535353535353535,TRUE,FALSE,FALSE
2020-11-03,922,97,0.1052060737527115,0.020607375271149676,TRUE,FALSE,FALSE
2020-11-04,985,112,0.11370558375634518,0.029441624365482234,TRUE,FALSE,FALSE
2020-11-05,1247,161,0.12910986367281477,0.03688853247794707,TRUE,FALSE,FALSE
2020-11-06,1271,153,0.12037765538945712,0.020456333595594022,TRUE,FALSE,FALSE
2020-11-07,1077,104,0.09656453110492108,0.028783658310120707,TRUE,FALSE,FALSE
2020-11-08,1333,229,0.17179294823705926,0.03975993998499625,TRUE,FALSE,FALSE
2020-11-09,1311,200,0.15255530129672007,0.05415713196033562,TRUE,FALSE,FALSE
2020-11-10,957,115,0.12016718913270637,0.03657262277951933,TRUE,FALSE,FALSE
2020-11-11,1060,154,0.14528301886792452,0.03962264150943396,TRUE,FALSE,FALSE
2020-11-12,1320,264,0.2,0.06439393939393939,TRUE,FALSE,FALSE
2020-11-13,1314,193,0.14687975646879756,0.0380517503805175,TRUE,FALSE,FALSE
2020-11-14,1195,165,0.13807531380753138,0.03430962343096234,TRUE,FALSE,FALSE
2020-11-15,1365,218,0.1597069597069597,0.040293040293040296,TRUE,FALSE,FALSE
2020-11-16,1254,147,0.11722488038277512,0.028708133971291867,TRUE,FALSE,FALSE
2020-11-17,1004,109,0.10856573705179283,0.01693227091633466,TRUE,FALSE,FALSE
2020-11-18,1080,112,0.1037037037037037,0.024074074074074074,TRUE,FALSE,FALSE
2020-11-19,1399,175,0.12508934953538242,0.03002144388849178,TRUE,FALSE,FALSE
2020-11-20,1364,174,0.12756598240469208,0.030791788856304986,TRUE,FALSE,FALSE
2020-11-21,1393,203,0.1457286432160804,0.02656137832017229,TRUE,FALSE,FALSE
2020-11-22,1381,208,0.15061549601737872,0.03765387400434468,TRUE,FALSE,FALSE
2020-11-23,1282,182,0.1419656786271451,0.029641185647425898,TRUE,FALSE,FALSE
2020-11-24,1428,351,0.24579831932773108,0.07703081232492998,TRUE,FALSE,FALSE
2020-11-25,1390,224,0.16115107913669063,0.04100719424460432,TRUE,FALSE,FALSE
2020-11-26,753,70,0.09296148738379814,0.02390438247011952,TRUE,FALSE,FALSE
2020-11-27,1142,144,0.12609457092819615,0.023642732049036778,TRUE,FALSE,FALSE
2020-11-28,1448,181,0.125,0.03038674033149171,TRUE,FALSE,FALSE
2020-11-29,1538,211,0.13719115734720416,0.03966189856957087,TRUE,FALSE,FALSE
2020-11-30,1459,290,0.1987662782727896,0.06237148732008225,TRUE,FALSE,FALSE
2020-12-01,1152,253,0.21961805555555555,0.07552083333333333,TRUE,FALSE,FALSE
2020-12-02,960,158,0.16458333333333333,0.036458333333333336,TRUE,FALSE,FALSE
2020-12-03,1277,192,0.15035238841033674,0.030540328895849646,TRUE,FALSE,FALSE
2020-12-04,1215,132,0.10864197530864197,0.024691358024691357,TRUE,FALSE,FALSE
2020-12-05,1016,150,0.14763779527559054,0.040354330708661415,TRUE,FALSE,FALSE
2020-12-06,1221,171,0.14004914004914004,0.03276003276003276,TRUE,FALSE,FALSE
2020-12-07,1218,148,0.12151067323481117,0.029556650246305417,TRUE,FALSE,FALSE
2020-12-08,904,87,0.09623893805309734,0.02101769911504425,TRUE,FALSE,FALSE
2020-12-09,986,96,0.0973630831643002,0.02028397565922921,TRUE,FALSE,FALSE
2020-12-10,1162,137,0.11790017211703958,0.03614457831325301,TRUE,FALSE,FALSE
2020-12-11,1268,193,0.15220820189274448,0.030757097791798107,TRUE,FALSE,FALSE
2020-12-12,1011,185,0.18298714144411474,0.050445103857566766,TRUE,FALSE,FALSE
2020-12-13,1231,286,0.2323314378554021,0.06011372867587327,TRUE,FALSE,FALSE
2020-12-14,1233,169,0.13706407137064072,0.0340632603406326,TRUE,FALSE,FALSE
2020-12-15,943,127,0.13467656415694593,0.03711558854718982,TRUE,FALSE,FALSE
2020-12-16,1017,208,0.20452310717797442,0.06686332350049164,TRUE,FALSE,FALSE
2020-12-17,1265,334,0.26403162055335966,0.08616600790513834,TRUE,FALSE,FALSE
2020-12-18,1386,379,0.27344877344877344,0.05988455988455989,TRUE,FALSE,FALSE
2020-12-19,1393,444,0.31873653984206746,0.08040201005025126,TRUE,FALSE,FALSE
2020-12-20,1420,333,0.23450704225352112,0.04647887323943662,TRUE,FALSE,FALSE
2020-12-21,1432,299,0.20879888268156424,0.05865921787709497,TRUE,FALSE,FALSE
2020-12-22,1415,366,0.25865724381625443,0.06289752650176679,TRUE,FALSE,FALSE
2020-12-23,1431,477,0.3333333333333333,0.07547169811320754,TRUE,FALSE,FALSE
2020-12-24,1049,279,0.2659675881792183,0.06196377502383222,TRUE,FALSE,FALSE
2020-12-25,908,204,0.22466960352422907,0.05506607929515418,TRUE,FALSE,FALSE
2020-12-26,1467,489,0.3333333333333333,0.09884117246080436,TRUE,FALSE,FALSE
2020-12-27,1438,490,0.34075104311543813,0.10013908205841446,TRUE,FALSE,TRUE
2020-12-28,1359,360,0.26490066225165565,0.05739514348785872,TRUE,FALSE,FALSE
2020-12-29,1334,388,0.2908545727136432,0.07496251874062969,TRUE,FALSE,FALSE
2020-12-30,1380,460,0.3333333333333333,0.13043478260869565,TRUE,FALSE,TRUE
2020-12-31,998,283,0.2835671342685371,0.08016032064128256,TRUE,FALSE,FALSE
2021-01-01,1127,297,0.26353149955634425,0.07985803016858918,TRUE,FALSE,FALSE
2021-01-02,1437,473,0.3291579679888657,0.08281141266527488,TRUE,FALSE,FALSE
2021-01-03,1527,589,0.3857236411263916,0.12246234446627374,TRUE,FALSE,TRUE
2021-01-04,1441,420,0.2914642609299098,0.11519777931991672,TRUE,FALSE,TRUE
2021-01-05,1124,181,0.1610320284697509,0.025800711743772242,TRUE,FALSE,FALSE
2021-01-06,1087,166,0.15271389144434222,0.027598896044158234,TRUE,FALSE,FALSE
2021-01-07,1317,177,0.13439635535307518,0.033409263477600606,TRUE,FALSE,FALSE
2021-01-08,1257,244,0.19411296738265713,0.07557677008750995,TRUE,FALSE,FALSE
2021-01-09,1047,189,0.18051575931232092,0.038204393505253106,TRUE,FALSE,FALSE
2021-01-10,1234,292,0.2366288492706645,0.05834683954619125,TRUE,FALSE,FALSE
2021-01-11,1220,161,0.1319672131147541,0.036885245901639344,TRUE,FALSE,FALSE
2021-01-12,1052,106,0.10076045627376426,0.02091254752851711,TRUE,FALSE,FALSE
2021-01-13,1076,205,0.19052044609665428,0.08550185873605948,TRUE,FALSE,FALSE
2021-01-14,1185,136,0.11476793248945148,0.026160337552742614,TRUE,FALSE,FALSE
2021-01-15,1275,211,0.16549019607843138,0.04941176470588235,TRUE,FALSE,FALSE
2021-01-16,1038,145,0.1396917148362235,0.03564547206165703,TRUE,FALSE,FALSE
2021-01-17,1201,196,0.16319733555370525,0.04746044962531224,TRUE,FALSE,FALSE
2021-01-18,1191,165,0.1385390428211587,0.033585222502099076,TRUE,FALSE,FALSE
2021-01-19,1045,101,0.09665071770334928,0.02966507177033493,TRUE,FALSE,FALSE
2021-01-20,1052,91,0.08650190114068441,0.02091254752851711,TRUE,FALSE,FALSE
2021-01-21,1242,124,0.0998389694041868,0.024154589371980676,TRUE,FALSE,FALSE
2021-01-22,1257,158,0.12569610182975338,0.03739061256961018,TRUE,FALSE,FALSE
2021-01-23,987,133,0.1347517730496454,0.03242147922998987,TRUE,FALSE,FALSE
2021-01-24,1245,269,0.21606425702811244,0.06345381526104418,TRUE,FALSE,FALSE
2021-01-25,1174,184,0.1567291311754685,0.039182282793867124,TRUE,FALSE,FALSE
2021-01-26,992,144,0.14516129032258066,0.046370967741935484,TRUE,FALSE,FALSE
2021-01-27,1046,121,0.11567877629063097,0.027724665391969407,TRUE,FALSE,FALSE
2021-01-28,1202,175,0.14559068219633944,0.04409317803660566,TRUE,FALSE,FALSE
2021-01-29,1224,220,0.17973856209150327,0.049019607843137254,TRUE,FALSE,FALSE
2021-01-30,1010,174,0.17227722772277226,0.07623762376237624,TRUE,FALSE,FALSE
2021-01-31,1217,298,0.2448644207066557,0.10353327855382087,TRUE,FALSE,TRUE
2021-02-01,1102,151,0.13702359346642468,0.05263157894736842,TRUE,FALSE,FALSE
2021-02-02,953,123,0.12906610703043023,0.02728226652675761,TRUE,FALSE,FALSE
2021-02-03,1005,127,0.1263681592039801,0.03283582089552239,TRUE,FALSE,FALSE
2021-02-04,1247,208,0.16680032076984763,0.04570970328789094,TRUE,FALSE,FALSE
2021-02-05,1264,205,0.16218354430379747,0.04588607594936709,TRUE,FALSE,FALSE
2021-02-06,1084,175,0.16143911439114392,0.03782287822878229,TRUE,FALSE,FALSE
2021-02-07,1142,246,0.21541155866900175,0.06830122591943957,TRUE,FALSE,FALSE
2021-02-08,1239,273,0.22033898305084745,0.05811138014527845,TRUE,FALSE,FALSE
2021-02-09,983,166,0.1688708036622584,0.0508646998982706,TRUE,FALSE,FALSE
2021-02-10,1026,190,0.18518518518518517,0.05263157894736842,TRUE,FALSE,FALSE
2021-02-11,1241,414,0.33360193392425463,0.11603545527800162,TRUE,FALSE,TRUE
2021-02-12,1351,434,0.32124352331606215,0.08882309400444116,TRUE,FALSE,FALSE
2021-02-13,1066,435,0.4080675422138837,0.1651031894934334,TRUE,TRUE,TRUE
2021-02-14,1063,442,0.4158043273753528,0.18814675446848542,TRUE,TRUE,TRUE
2021-02-15,959,398,0.41501564129301355,0.17309697601668406,TRUE,TRUE,TRUE
2021-02-16,853,292,0.34232121922626024,0.13599062133645956,TRUE,FALSE,TRUE
2021-02-17,965,266,0.2756476683937824,0.08911917098445596,TRUE,FALSE,FALSE
2021-02-18,1088,392,0.3602941176470588,0.14338235294117646,TRUE,FALSE,TRUE
2021-02-19,1201,384,0.31973355537052456,0.10990840965861781,TRUE,FALSE,TRUE
2021-02-20,1092,290,0.26556776556776557,0.06684981684981685,TRUE,FALSE,FALSE
2021-02-21,1301,301,0.23136049192928518,0.05226748654880861,TRUE,FALSE,FALSE
2021-02-22,1299,238,0.18321785989222478,0.049268668206312545,TRUE,FALSE,FALSE
2021-02-23,1133,146,0.12886142983230361,0.02559576345984113,TRUE,FALSE,FALSE
2021-02-24,1112,149,0.13399280575539568,0.029676258992805755,TRUE,FALSE,FALSE
2021-02-25,1296,249,0.19212962962962962,0.038580246913580245,TRUE,FALSE,FALSE
2021-02-26,1373,271,0.19737800436999273,0.04005826656955572,TRUE,FALSE,FALSE
2021-02-27,1103,246,0.2230281051677244,0.051677243880326386,TRUE,FALSE,FALSE
2021-02-28,1349,397,0.29429206819866566,0.09562638991845812,TRUE,FALSE,FALSE
2021-03-01,1356,281,0.20722713864306785,0.05014749262536873,TRUE,FALSE,FALSE
2021-03-02,1146,129,0.112565445026178,0.03315881326352531,TRUE,FALSE,FALSE
2021-03-03,1155,148,0.12813852813852813,0.023376623376623377,TRUE,FALSE,FALSE
2021-03-04,1403,223,0.15894511760513186,0.040627227369921595,TRUE,FALSE,FALSE
2021-03-05,1436,238,0.16573816155988857,0.034122562674094706,TRUE,FALSE,FALSE
2021-03-06,1284,218,0.16978193146417445,0.04750778816199377,TRUE,FALSE,FALSE
2021-03-07,1437,270,0.18789144050104384,0.04105775922059847,TRUE,FALSE,FALSE
2021-03-08,1546,224,0.1448900388098318,0.027166882276843468,TRUE,FALSE,FALSE
2021-03-09,1317,144,0.10933940774487472,0.019741837509491267,TRUE,FALSE,FALSE
2021-03-10,1286,189,0.1469673405909798,0.03654743390357698,TRUE,FALSE,FALSE
2021-03-11,1536,312,0.203125,0.043619791666666664,TRUE,FALSE,FALSE
2021-03-12,1623,430,0.2649414664202095,0.07147258163894023,TRUE,FALSE,FALSE
2021-03-13,1301,322,0.24750192159877019,0.06072252113758647,TRUE,FALSE,FALSE
2021-03-14,1357,358,0.26381724392041267,0.05821665438467207,TRUE,FALSE,FALSE
2021-03-15,1433,436,0.30425680390788556,0.10956036287508723,TRUE,FALSE,TRUE
2021-03-16,1421,360,0.2533427163969036,0.06826178747361013,TRUE,FALSE,FALSE
2021-03-17,1337,406,0.3036649214659686,0.11667913238593867,TRUE,FALSE,TRUE
2021-03-18,1540,543,0.3525974025974026,0.11818181818181818,TRUE,FALSE,TRUE
2021-03-19,1593,356,0.22347771500313873,0.03640929064657878,TRUE,FALSE,FALSE
2021-03-20,1410,376,0.26666666666666666,0.05035460992907802,TRUE,FALSE,FALSE
2021-03-21,1605,409,0.25482866043613706,0.04548286604361371,TRUE,FALSE,FALSE
2021-03-22,1562,339,0.21702944942381563,0.04929577464788732,TRUE,FALSE,FALSE
2021-03-23,1470,298,0.20272108843537415,0.04149659863945578,TRUE,FALSE,FALSE
2021-03-24,1465,272,0.18566552901023892,0.040273037542662114,TRUE,FALSE,FALSE
2021-03-25,1605,495,0.308411214953271,0.07165109034267912,TRUE,FALSE,FALSE
2021-03-26,1607,456,0.28375855631611696,0.05724953329184816,TRUE,FALSE,FALSE
2021-03-27,1428,489,0.34243697478991597,0.11414565826330532,TRUE,FALSE,TRUE
2021-03-28,1598,550,0.344180225281602,0.10387984981226533,TRUE,FALSE,TRUE
2021-03-29,1551,367,0.2366215344938749,0.05738233397807866,TRUE,FALSE,FALSE
2021-03-30,1387,252,0.18168709444844988,0.03316510454217736,TRUE,FALSE,FALSE
2021-03-31,1407,309,0.21961620469083157,0.03837953091684435,TRUE,FALSE,FALSE
2021-04-01,1588,482,0.3035264483627204,0.08060453400503778,TRUE,FALSE,FALSE
2021-04-02,1629,378,0.23204419889502761,0.039287906691221605,TRUE,FALSE,FALSE
2021-04-03,1466,340,0.23192360163710776,0.048431105047748974,TRUE,FALSE,FALSE
2021-04-04,1572,297,0.18893129770992367,0.03816793893129771,TRUE,FALSE,FALSE
2021-04-05,1628,370,0.22727272727272727,0.04054054054054054,TRUE,FALSE,FALSE
2021-04-06,1455,284,0.19518900343642612,0.030927835051546393,TRUE,FALSE,FALSE
2021-04-07,1420,303,0.21338028169014084,0.047183098591549295,TRUE,FALSE,FALSE
2021-04-08,1619,337,0.20815318097591107,0.03953057442865967,TRUE,FALSE,FALSE
2021-04-09,1696,418,0.24646226415094338,0.0607311320754717,TRUE,FALSE,FALSE
2021-04-10,1460,436,0.29863013698630136,0.09520547945205479,TRUE,FALSE,FALSE
2021-04-11,1534,491,0.3200782268578879,0.13689700130378096,TRUE,FALSE,TRUE
2021-04-12,1598,449,0.2809762202753442,0.09136420525657071,TRUE,FALSE,FALSE
2021-04-13,1346,240,0.17830609212481427,0.03714710252600297,TRUE,FALSE,FALSE
2021-04-14,1431,335,0.23410202655485673,0.05241090146750524,TRUE,FALSE,FALSE
2021-04-15,1588,432,0.27204030226700254,0.06360201511335013,TRUE,FALSE,FALSE
2021-04-16,1589,505,0.31780994336060414,0.09628697293895531,TRUE,FALSE,FALSE
2021-04-17,1439,292,0.2029186935371786,0.03891591382904795,TRUE,FALSE,FALSE
2021-04-18,1574,357,0.22681067344345615,0.053367217280813214,TRUE,FALSE,FALSE
2021-04-19,1580,372,0.23544303797468355,0.06582278481012659,TRUE,FALSE,FALSE
2021-04-20,1335,287,0.2149812734082397,0.062172284644194754,TRUE,FALSE,FALSE
2021-04-21,1389,295,0.21238300935925125,0.04535637149028078,TRUE,FALSE,FALSE
2021-04-22,1601,367,0.2292317301686446,0.03622735790131168,TRUE,FALSE,FALSE
2021-04-23,1615,394,0.24396284829721362,0.06749226006191951,TRUE,FALSE,FALSE
2021-04-24,1398,396,0.2832618025751073,0.09084406294706723,TRUE,FALSE,FALSE
2021-04-25,1614,448,0.27757125154894674,0.08550185873605948,TRUE,FALSE,FALSE
2021-04-26,1613,306,0.18970861748295104,0.043397396156230623,TRUE,FALSE,FALSE
2021-04-27,1274,223,0.1750392464678179,0.04317111459968603,TRUE,FALSE,FALSE
2021-04-28,1318,308,0.2336874051593323,0.06980273141122914,TRUE,FALSE,FALSE
2021-04-29,1601,403,0.2517176764522174,0.05808869456589631,TRUE,FALSE,FALSE
2021-04-30,1530,459,0.3,0.07973856209150326,TRUE,FALSE,FALSE
2021-05-01,1453,443,0.30488644184445973,0.06262904335856848,TRUE,FALSE,FALSE
2021-05-02,1629,437,0.2682627378759975,0.07243707796193984,TRUE,FALSE,FALSE
2021-05-03,1644,524,0.31873479318734793,0.13442822384428224,TRUE,FALSE,TRUE
2021-05-04,1328,427,0.32153614457831325,0.12123493975903614,TRUE,FALSE,TRUE
2021-05-05,1406,361,0.25675675675675674,0.06614509246088193,TRUE,FALSE,FALSE
2021-05-06,1711,502,0.293395675043834,0.08649912331969609,TRUE,FALSE,FALSE
2021-05-07,1623,476,0.2932840418977203,0.06715958102279729,TRUE,FALSE,FALSE
2021-05-08,1529,402,0.262916939175932,0.061478090255068674,TRUE,FALSE,FALSE
2021-05-09,1742,530,0.30424799081515497,0.0774971297359357,TRUE,FALSE,FALSE
2021-05-10,1681,501,0.29803688280785245,0.07852468768590125,TRUE,FALSE,FALSE
2021-05-11,1466,393,0.2680763983628922,0.08935879945429741,TRUE,FALSE,FALSE
2021-05-12,1548,435,0.2810077519379845,0.07299741602067183,TRUE,FALSE,FALSE
2021-05-13,1734,462,0.2664359861591695,0.04728950403690888,TRUE,FALSE,FALSE
2021-05-14,1703,442,0.2595419847328244,0.0540223135642983,TRUE,FALSE,FALSE
2021-05-15,1538,415,0.26983094928478546,0.05071521456436931,TRUE,FALSE,FALSE
2021-05-16,1708,616,0.36065573770491804,0.11826697892271663,TRUE,FALSE,TRUE
2021-05-17,1715,557,0.3247813411078717,0.12128279883381925,TRUE,FALSE,TRUE
2021-05-18,1519,466,0.3067807768268598,0.08821593153390389,TRUE,FALSE,FALSE
2021-05-19,1596,400,0.2506265664160401,0.04949874686716792,TRUE,FALSE,FALSE
2021-05-20,1741,494,0.28374497415278577,0.07581849511774842,TRUE,FALSE,FALSE
2021-05-21,1747,601,0.3440183171150544,0.10074413279908415,TRUE,FALSE,TRUE
2021-05-22,1574,443,0.28144853875476494,0.07179161372299873,TRUE,FALSE,FALSE
2021-05-23,1795,569,0.316991643454039,0.07409470752089137,TRUE,FALSE,FALSE
2021-05-24,1735,529,0.3048991354466859,0.0962536023054755,TRUE,FALSE,FALSE
2021-05-25,1493,455,0.30475552578700604,0.09444072337575352,TRUE,FALSE,FALSE
2021-05-26,1537,442,0.28757319453480806,0.0631099544567339,TRUE,FALSE,FALSE
2021-05-27,1733,564,0.3254472013848817,0.08078476630121177,TRUE,FALSE,FALSE
2021-05-28,1727,584,0.3381586566299942,0.09206716850028952,TRUE,FALSE,FALSE
2021-05-29,1521,420,0.27613412228796846,0.06771860618014464,TRUE,FALSE,FALSE
2021-05-30,1617,484,0.29931972789115646,0.09276437847866419,TRUE,FALSE,FALSE
2021-05-31,1714,518,0.30221703617269546,0.10793465577596266,TRUE,FALSE,TRUE
2021-06-01,1619,461,0.28474366893143915,0.056207535515750466,TRUE,FALSE,FALSE
2021-06-02,1644,467,0.2840632603406326,0.07116788321167883,TRUE,FALSE,FALSE
2021-06-03,1741,607,0.34865020103388855,0.10913268236645605,TRUE,FALSE,TRUE
2021-06-04,1907,703,0.3686418458311484,0.1211326691137913,TRUE,FALSE,TRUE
2021-06-05,1758,660,0.37542662116040953,0.11205915813424346,TRUE,FALSE,TRUE
2021-06-06,1896,727,0.38343881856540085,0.13818565400843882,TRUE,FALSE,TRUE
2021-06-07,1853,761,0.41068537506745817,0.17161359956826766,TRUE,TRUE,TRUE
2021-06-08,1750,706,0.4034285714285714,0.16457142857142856,TRUE,TRUE,TRUE
2021-06-09,1720,602,0.35,0.12558139534883722,TRUE,FALSE,TRUE
2021-06-10,1851,766,0.4138303619665046,0.14640734737979472,TRUE,TRUE,TRUE
2021-06-11,1967,804,0.40874428063040164,0.15099135739705136,TRUE,TRUE,TRUE
2021-06-12,1742,744,0.42709529276693453,0.1727898966704937,TRUE,TRUE,TRUE
2021-06-13,1864,851,0.4565450643776824,0.16738197424892703,TRUE,TRUE,TRUE
2021-06-14,1849,804,0.43482963764196864,0.167658193618172,TRUE,TRUE,TRUE
2021-06-15,1751,656,0.3746430611079383,0.17532838378069673,TRUE,FALSE,TRUE
2021-06-16,1738,642,0.3693901035673188,0.12888377445339472,TRUE,FALSE,TRUE
2021-06-17,1907,753,0.39486103828002095,0.13791295228106976,TRUE,FALSE,TRUE
2021-06-18,1979,907,0.45831227892875187,0.16321374431531077,TRUE,TRUE,TRUE
2021-06-19,1731,838,0.48411322934719814,0.17677642980935876,TRUE,TRUE,TRUE
2021-06-20,1901,899,0.47290899526564967,0.16780641767490795,TRUE,TRUE,TRUE
2021-06-21,1852,938,0.5064794816414687,0.21274298056155508,TRUE,TRUE,TRUE
2021-06-22,1824,761,0.41721491228070173,0.13596491228070176,TRUE,TRUE,TRUE
2021-06-23,1820,679,0.3730769230769231,0.11318681318681319,TRUE,FALSE,TRUE
2021-06-24,1932,819,0.42391304347826086,0.15062111801242237,TRUE,TRUE,TRUE
2021-06-25,1933,933,0.4826694257630626,0.19296430419037766,TRUE,TRUE,TRUE
2021-06-26,1731,986,0.5696129404968227,0.2784517619872906,TRUE,TRUE,TRUE
2021-06-27,1924,1046,0.5436590436590436,0.23544698544698545,TRUE,TRUE,TRUE
2021-06-28,1849,950,0.5137912385073012,0.21795565170362358,TRUE,TRUE,TRUE
2021-06-29,1708,819,0.47950819672131145,0.18559718969555036,TRUE,TRUE,TRUE
2021-06-30,1775,887,0.49971830985915494,0.20619718309859156,TRUE,TRUE,TRUE
2021-07-01,1933,1038,0.5369891360579411,0.23642007242628038,TRUE,TRUE,TRUE
2021-07-02,1943,1063,0.5470921255790016,0.2413793103448276,TRUE,TRUE,TRUE
2021-07-03,1794,895,0.49888517279821626,0.20011148272017837,TRUE,TRUE,TRUE
2021-07-04,1769,568,0.32108535895986434,0.09214245336348219,TRUE,FALSE,FALSE
2021-07-05,1911,688,0.36002093144950287,0.12297226582940869,TRUE,FALSE,TRUE
2021-07-06,1699,603,0.3549146556798117,0.10300176574455562,TRUE,FALSE,TRUE
2021-07-07,1859,775,0.4168908015061861,0.14093598708983324,TRUE,TRUE,TRUE
2021-07-08,1939,961,0.4956162970603404,0.20165033522434245,TRUE,TRUE,TRUE
2021-07-09,1981,964,0.48662291771832406,0.20646138313982837,TRUE,TRUE,TRUE
2021-07-10,1779,822,0.4620573355817875,0.16638560989319842,TRUE,TRUE,TRUE
2021-07-11,1949,980,0.5028219599794767,0.17855310415597742,TRUE,TRUE,TRUE
2021-07-12,1968,954,0.4847560975609756,0.20477642276422764,TRUE,TRUE,TRUE
2021-07-13,1866,812,0.43515541264737406,0.15434083601286175,TRUE,TRUE,TRUE
2021-07-14,1827,809,0.4428024083196497,0.19813902572523262,TRUE,TRUE,TRUE
2021-07-15,1957,858,0.43842616249361266,0.15074092999489014,TRUE,TRUE,TRUE
2021-07-16,1994,907,0.45486459378134403,0.13590772316950853,TRUE,TRUE,TRUE
2021-07-17,1846,801,0.43391115926327195,0.1630552546045504,TRUE,TRUE,TRUE
2021-07-18,1879,973,0.5178286322511975,0.18999467802022352,TRUE,TRUE,TRUE
2021-07-19,1956,958,0.4897750511247444,0.2116564417177914,TRUE,TRUE,TRUE
2021-07-20,1836,789,0.4297385620915033,0.14760348583877997,TRUE,TRUE,TRUE
2021-07-21,1858,770,0.41442411194833156,0.14531754574811626,TRUE,TRUE,TRUE
2021-07-22,2015,833,0.4133995037220844,0.141439205955335,TRUE,TRUE,TRUE
2021-07-23,1989,871,0.43790849673202614,0.16993464052287582,TRUE,TRUE,TRUE
2021-07-24,1799,754,0.4191217342968316,0.14674819344080045,TRUE,TRUE,TRUE
2021-07-25,1936,899,0.4643595041322314,0.16580578512396693,TRUE,TRUE,TRUE
2021-07-26,1986,854,0.4300100704934542,0.15760322255790535,TRUE,TRUE,TRUE
2021-07-27,1871,762,0.4072688401924105,0.15179048637092463,TRUE,TRUE,TRUE
2021-07-28,1879,744,0.3959552953698776,0.12879191059073974,TRUE,FALSE,TRUE
2021-07-29,1974,797,0.4037487335359676,0.1408308004052685,TRUE,TRUE,TRUE
2021-07-30,2005,832,0.41496259351620945,0.13316708229426433,TRUE,TRUE,TRUE
2021-07-31,1748,812,0.4645308924485126,0.14702517162471396,TRUE,TRUE,TRUE
2021-08-01,1912,1027,0.5371338912133892,0.22018828451882846,TRUE,TRUE,TRUE
2021-08-02,1854,927,0.5,0.2162891046386192,TRUE,TRUE,TRUE
2021-08-03,1734,839,0.48385236447520186,0.17647058823529413,TRUE,TRUE,TRUE
2021-08-04,1900,773,0.4068421052631579,0.12947368421052632,TRUE,TRUE,TRUE
2021-08-05,1911,697,0.36473050758765047,0.10779696493982208,TRUE,FALSE,TRUE
2021-08-06,1939,818,0.4218669417225374,0.14285714285714285,TRUE,TRUE,TRUE
2021-08-07,1887,889,0.47111817700052994,0.18494965553789083,TRUE,TRUE,TRUE
2021-08-08,1910,876,0.4586387434554974,0.1586387434554974,TRUE,TRUE,TRUE
2021-08-09,1870,856,0.4577540106951872,0.1679144385026738,TRUE,TRUE,TRUE
2021-08-10,1787,761,0.42585338556239505,0.16396194739787354,TRUE,TRUE,TRUE
2021-08-11,1827,801,0.43842364532019706,0.19157088122605365,TRUE,TRUE,TRUE
2021-08-12,1990,953,0.47889447236180904,0.20351758793969849,TRUE,TRUE,TRUE
2021-08-13,1975,888,0.44962025316455695,0.17822784810126582,TRUE,TRUE,TRUE
2021-08-14,1717,820,0.4775771694816541,0.21898660454280722,TRUE,TRUE,TRUE
2021-08-15,1926,971,0.504153686396677,0.19833852544132918,TRUE,TRUE,TRUE
2021-08-16,1919,843,0.4392912975508077,0.1641479937467431,TRUE,TRUE,TRUE
2021-08-17,1698,618,0.36395759717314485,0.11071849234393404,TRUE,FALSE,TRUE
2021-08-18,1797,785,0.43683917640511966,0.1686143572621035,TRUE,TRUE,TRUE
2021-08-19,1938,859,0.44324045407636736,0.17337461300309598,TRUE,TRUE,TRUE
2021-08-20,1903,816,0.42879663688912245,0.1508145034156595,TRUE,TRUE,TRUE
2021-08-21,1770,664,0.3751412429378531,0.13615819209039548,TRUE,FALSE,TRUE
2021-08-22,1974,721,0.36524822695035464,0.0972644376899696,TRUE,FALSE,FALSE
2021-08-23,1881,577,0.3067517278043594,0.08825093035619351,TRUE,FALSE,FALSE
2021-08-24,1742,534,0.3065442020665901,0.09299655568312284,TRUE,FALSE,FALSE
2021-08-25,1810,569,0.3143646408839779,0.10773480662983426,TRUE,FALSE,TRUE
2021-08-26,1935,677,0.34987080103359175,0.11989664082687339,TRUE,FALSE,TRUE
2021-08-27,1934,723,0.3738366080661841,0.1266804550155119,TRUE,FALSE,TRUE
2021-08-28,1768,541,0.3059954751131222,0.08484162895927602,TRUE,FALSE,FALSE
2021-08-29,1859,679,0.3652501344809037,0.10919849381387843,TRUE,FALSE,TRUE
2021-08-30,1864,541,0.29023605150214593,0.09227467811158799,TRUE,FALSE,FALSE
2021-08-31,1769,421,0.23798756359525156,0.0644431882419446,TRUE,FALSE,FALSE
2021-09-01,1746,549,0.31443298969072164,0.11168384879725086,TRUE,FALSE,TRUE
2021-09-02,1894,663,0.35005279831045405,0.12249208025343189,TRUE,FALSE,TRUE
2021-09-03,1958,793,0.40500510725229827,0.13840653728294178,TRUE,TRUE,TRUE
2021-09-04,1693,472,0.27879503839338454,0.08092144122858831,TRUE,FALSE,FALSE
2021-09-05,1747,428,0.24499141385231826,0.06296508299942759,TRUE,FALSE,FALSE
2021-09-06,1846,547,0.2963163596966414,0.08342361863488625,TRUE,FALSE,FALSE
2021-09-07,1723,507,0.2942542077771329,0.08763784097504353,TRUE,FALSE,FALSE
2021-09-08,1652,495,0.29963680387409203,0.09685230024213075,TRUE,FALSE,FALSE
2021-09-09,1856,519,0.2796336206896552,0.09698275862068965,TRUE,FALSE,FALSE
2021-09-10,1892,554,0.2928118393234672,0.08562367864693446,TRUE,FALSE,FALSE
2021-09-11,1671,339,0.20287253141831238,0.040694195092758824,TRUE,FALSE,FALSE
2021-09-12,1884,626,0.3322717622080679,0.08121019108280254,TRUE,FALSE,FALSE
2021-09-13,1903,522,0.2743037309511298,0.07566999474513926,TRUE,FALSE,FALSE
2021-09-14,1583,362,0.2286797220467467,0.058749210360075806,TRUE,FALSE,FALSE
2021-09-15,1776,415,0.23367117117117117,0.06925675675675676,TRUE,FALSE,FALSE
2021-09-16,1996,534,0.26753507014028055,0.07515030060120241,TRUE,FALSE,FALSE
2021-09-17,1942,667,0.3434603501544799,0.101956745623069,TRUE,FALSE,TRUE
2021-09-18,1721,509,0.2957582800697269,0.06798373038930854,TRUE,FALSE,FALSE
2021-09-19,1963,719,0.3662761079979623,0.09831889964340296,TRUE,FALSE,FALSE
2021-09-20,1997,643,0.32198297446169255,0.08162243365047571,TRUE,FALSE,FALSE
2021-09-21,1664,318,0.19110576923076922,0.036057692307692304,TRUE,FALSE,FALSE
2021-09-22,1740,447,0.25689655172413794,0.06321839080459771,TRUE,FALSE,FALSE
2021-09-23,1926,684,0.35514018691588783,0.13239875389408098,TRUE,FALSE,TRUE
2021-09-24,1860,731,0.39301075268817204,0.12365591397849462,TRUE,FALSE,TRUE
2021-09-25,1650,416,0.25212121212121213,0.06909090909090909,TRUE,FALSE,FALSE
2021-09-26,1992,665,0.33383534136546184,0.0853413654618474,TRUE,FALSE,FALSE
2021-09-27,1880,540,0.2872340425531915,0.07872340425531915,TRUE,FALSE,FALSE
2021-09-28,1750,460,0.26285714285714284,0.07142857142857142,TRUE,FALSE,FALSE
2021-09-29,1622,358,0.22071516646115907,0.04130702836004932,TRUE,FALSE,FALSE
2021-09-30,1952,575,0.29456967213114754,0.07991803278688525,TRUE,FALSE,FALSE
2021-10-01,1876,690,0.3678038379530917,0.10820895522388059,TRUE,FALSE,TRUE
2021-10-02,1526,490,0.3211009174311927,0.08584534731323722,TRUE,FALSE,FALSE
2021-10-03,2024,779,0.3848814229249012,0.10523715415019763,TRUE,FALSE,TRUE
2021-10-04,1837,544,0.2961350027218291,0.0718562874251497,TRUE,FALSE,FALSE
2021-10-05,1717,439,0.2556785090273733,0.06523005241700641,TRUE,FALSE,FALSE
2021-10-06,1774,436,0.24577226606538896,0.05186020293122886,TRUE,FALSE,FALSE
2021-10-07,1899,670,0.35281727224855186,0.10637177461822012,TRUE,FALSE,TRUE
2021-10-08,1859,885,0.4760623991393222,0.1904249596557289,TRUE,TRUE,TRUE
2021-10-09,1545,666,0.43106796116504853,0.1436893203883495,TRUE,TRUE,TRUE
2021-10-10,1841,823,0.44703965236284626,0.16078218359587182,TRUE,TRUE,TRUE
2021-10-11,1860,862,0.46344086021505376,0.19032258064516128,TRUE,TRUE,TRUE
2021-10-12,1672,610,0.36483253588516745,0.11782296650717704,TRUE,FALSE,TRUE
2021-10-13,1779,572,0.32152894884766725,0.09499718943226532,TRUE,FALSE,FALSE
2021-10-14,1917,698,0.36411058946270214,0.10067814293166406,TRUE,FALSE,TRUE
2021-10-15,1940,708,0.3649484536082474,0.09587628865979382,TRUE,FALSE,FALSE
2021-10-16,1715,588,0.34285714285714286,0.09795918367346938,TRUE,FALSE,FALSE
2021-10-17,1934,672,0.3474663908996898,0.09100310237849017,TRUE,FALSE,FALSE
2021-10-18,1955,624,0.31918158567774935,0.08542199488491048,TRUE,FALSE,FALSE
2021-10-19,1798,609,0.3387096774193548,0.1117908787541713,TRUE,FALSE,TRUE
2021-10-20,1769,516,0.2916902204635387,0.0791407574901074,TRUE,FALSE,FALSE
2021-10-21,1842,693,0.3762214983713355,0.11997828447339848,TRUE,FALSE,TRUE
2021-10-22,1892,784,0.4143763213530655,0.1416490486257928,TRUE,TRUE,TRUE
2021-10-23,1700,622,0.3658823529411765,0.10882352941176471,TRUE,FALSE,TRUE
2021-10-24,1976,884,0.4473684210526316,0.1771255060728745,TRUE,TRUE,TRUE
2021-10-25,1879,932,0.4960085151676424,0.20383182543906334,TRUE,TRUE,TRUE
2021-10-26,1750,563,0.32171428571428573,0.09028571428571429,TRUE,FALSE,FALSE
2021-10-27,1769,586,0.3312605992085924,0.10797060486150367,TRUE,FALSE,TRUE
2021-10-28,1930,803,0.4160621761658031,0.16476683937823836,TRUE,TRUE,TRUE
2021-10-29,1941,769,0.39618753219989694,0.13652756311179803,TRUE,FALSE,TRUE
2021-10-30,1631,546,0.33476394849785407,0.08951563458001226,TRUE,FALSE,FALSE
2021-10-31,1692,677,0.40011820330969267,0.1288416075650118,TRUE,TRUE,TRUE
2021-11-01,1887,836,0.4430312665606783,0.1494435612082671,TRUE,TRUE,TRUE
2021-11-02,1707,505,0.2958406561218512,0.06502636203866433,TRUE,FALSE,FALSE
2021-11-03,1791,519,0.2897822445561139,0.08486878838637632,TRUE,FALSE,FALSE
2021-11-04,2004,706,0.3522954091816367,0.10728542914171657,TRUE,FALSE,TRUE
2021-11-05,1947,691,0.3549049820236261,0.09809964047252183,TRUE,FALSE,FALSE
2021-11-06,1647,548,0.33272616879174255,0.08136004857316333,TRUE,FALSE,FALSE
2021-11-07,1907,724,0.37965390665967486,0.09596224436287362,TRUE,FALSE,FALSE
2021-11-08,1919,630,0.3282959874934862,0.09484106305367379,TRUE,FALSE,FALSE
2021-11-09,1787,454,0.2540570789031897,0.058198097369893675,TRUE,FALSE,FALSE
2021-11-10,1813,508,0.28019856591285164,0.06453392167677882,TRUE,FALSE,FALSE
2021-11-11,1906,698,0.36621196222455404,0.11594963273871983,TRUE,FALSE,TRUE
2021-11-12,2039,745,0.3653751839136832,0.0922020598332516,TRUE,FALSE,FALSE
2021-11-13,1640,571,0.34817073170731705,0.10853658536585366,TRUE,FALSE,TRUE
2021-11-14,1953,860,0.4403481822836662,0.11725550435227855,TRUE,TRUE,TRUE
2021-11-15,1918,726,0.37851929092805003,0.09958289885297185,TRUE,FALSE,FALSE
2021-11-16,1702,447,0.2626321974148061,0.06580493537015276,TRUE,FALSE,FALSE
2021-11-17,1794,496,0.27647714604236345,0.056856187290969896,TRUE,FALSE,FALSE
2021-11-18,2001,679,0.33933033483258374,0.07796101949025487,TRUE,FALSE,FALSE
2021-11-19,1963,777,0.3958227203260316,0.09831889964340296,TRUE,FALSE,FALSE
2021-11-20,1719,713,0.4147760325770797,0.11867364746945899,TRUE,TRUE,TRUE
2021-11-21,1923,781,0.40613624544981797,0.12792511700468018,TRUE,TRUE,TRUE
2021-11-22,1913,708,0.3700993204391009,0.08991113434396236,TRUE,FALSE,FALSE
2021-11-23,1952,686,0.3514344262295082,0.07889344262295082,TRUE,FALSE,FALSE
2021-11-24,2136,649,0.3038389513108614,0.06601123595505617,TRUE,FALSE,FALSE
2021-11-25,1263,339,0.2684085510688836,0.060174188440221696,TRUE,FALSE,FALSE
2021-11-26,1520,415,0.2730263157894737,0.05921052631578947,TRUE,FALSE,FALSE
2021-11-27,1951,639,0.32752434648898,0.07534597642234751,TRUE,FALSE,FALSE
2021-11-28,2026,735,0.3627838104639684,0.08588351431391905,TRUE,FALSE,FALSE
2021-11-29,2009,752,0.3743155798904928,0.0895968143354903,TRUE,FALSE,FALSE
2021-11-30,1788,598,0.3344519015659955,0.07718120805369127,TRUE,FALSE,FALSE
2021-12-01,1731,504,0.29116117850953205,0.07047949162333911,TRUE,FALSE,FALSE
2021-12-02,1897,552,0.29098576700052714,0.0764364786505008,TRUE,FALSE,FALSE
2021-12-03,1962,602,0.3068297655453619,0.08053007135575943,TRUE,FALSE,FALSE
2021-12-04,1553,417,0.26851255634256277,0.06374758531873792,TRUE,FALSE,FALSE
2021-12-05,1943,716,0.368502316006176,0.10138960370560988,TRUE,FALSE,TRUE
2021-12-06,1953,830,0.42498719918074757,0.14592933947772657,TRUE,TRUE,TRUE
2021-12-07,1633,522,0.31965707287201467,0.10961420698101654,TRUE,FALSE,TRUE
2021-12-08,1731,472,0.2726747544771808,0.06470248411322935,TRUE,FALSE,FALSE
2021-12-09,1879,634,0.33741351782863227,0.09845662586482172,TRUE,FALSE,FALSE
2021-12-10,1887,721,0.3820879703232644,0.10333863275039745,TRUE,FALSE,TRUE
2021-12-11,1584,701,0.442550505050505,0.11805555555555555,TRUE,TRUE,TRUE
2021-12-12,1831,703,0.3839432004369197,0.0977607864554888,TRUE,FALSE,FALSE
2021-12-13,1894,588,0.31045406546990495,0.07180570221752904,TRUE,FALSE,FALSE
2021-12-14,1758,580,0.32992036405005687,0.08646188850967008,TRUE,FALSE,FALSE
2021-12-15,1713,707,0.4127262113251605,0.16170461179217746,TRUE,TRUE,TRUE
2021-12-16,1862,829,0.4452201933404941,0.12620837808807733,TRUE,TRUE,TRUE
2021-12-17,1946,843,0.43319630010277493,0.13309352517985612,TRUE,TRUE,TRUE
2021-12-18,1757,1013,0.5765509391007398,0.2464428002276608,TRUE,TRUE,TRUE
2021-12-19,1921,1030,0.5361790733992712,0.18792295679333682,TRUE,TRUE,TRUE
2021-12-20,1925,897,0.465974025974026,0.132987012987013,TRUE,TRUE,TRUE
2021-12-21,1886,863,0.4575821845174973,0.1256627783669141,TRUE,TRUE,TRUE
2021-12-22,1955,769,0.39335038363171354,0.11867007672634271,TRUE,FALSE,TRUE
2021-12-23,2050,839,0.4092682926829268,0.1302439024390244,TRUE,TRUE,TRUE
2021-12-24,1481,589,0.3977042538825118,0.10398379473328832,TRUE,FALSE,TRUE
2021-12-25,1357,459,0.33824613117170227,0.10022107590272661,TRUE,FALSE,TRUE
2021-12-26,1800,883,0.4905555555555556,0.21166666666666667,TRUE,TRUE,TRUE
2021-12-27,1727,1033,0.5981470758540822,0.29936305732484075,TRUE,TRUE,TRUE
2021-12-28,1754,1028,0.5860889395667047,0.27537058152793614,TRUE,TRUE,TRUE
2021-12-29,1742,965,0.5539609644087256,0.22215843857634904,TRUE,TRUE,TRUE
2021-12-30,1815,1097,0.6044077134986225,0.2892561983471074,TRUE,TRUE,TRUE
2021-12-31,1476,729,0.49390243902439024,0.19241192411924118,TRUE,TRUE,TRUE
2022-01-01,1403,807,0.5751960085531005,0.2580185317177477,TRUE,TRUE,TRUE
2022-01-02,1742,1195,0.6859931113662457,0.35993111366245695,TRUE,TRUE,TRUE
2022-01-03,1591,1054,0.6624764299182904,0.3299811439346323,TRUE,TRUE,TRUE
2022-01-04,1560,917,0.5878205128205128,0.2608974358974359,TRUE,TRUE,TRUE
2022-01-05,1575,803,0.5098412698412699,0.20761904761904762,TRUE,TRUE,TRUE
2022-01-06,1697,726,0.4278137890394814,0.17030053034767237,TRUE,TRUE,TRUE
2022-01-07,1679,798,0.4752829064919595,0.21083978558665872,TRUE,TRUE,TRUE
2022-01-08,1442,602,0.4174757281553398,0.15117891816920942,TRUE,TRUE,TRUE
2022-01-09,1758,748,0.4254835039817975,0.13936291240045506,TRUE,TRUE,TRUE
2022-01-10,1781,491,0.27568781583380125,0.08366086468276249,TRUE,FALSE,FALSE
2022-01-11,1548,339,0.2189922480620155,0.06266149870801034,TRUE,FALSE,FALSE
2022-01-12,1569,300,0.19120458891013384,0.05098789037603569,TRUE,FALSE,FALSE
2022-01-13,1821,403,0.2213069741900055,0.05930807248764415,TRUE,FALSE,FALSE
2022-01-14,1895,543,0.28654353562005275,0.06965699208443271,TRUE,FALSE,FALSE
2022-01-15,1397,455,0.325697924123121,0.08804581245526127,TRUE,FALSE,FALSE
2022-01-16,1457,521,0.3575840768702814,0.11873713109128346,TRUE,FALSE,TRUE
2022-01-17,1751,671,0.3832095945174186,0.12507138777841234,TRUE,FALSE,TRUE
2022-01-18,1621,319,0.19679210363972857,0.05181986428130783,TRUE,FALSE,FALSE
2022-01-19,1608,350,0.21766169154228857,0.06343283582089553,TRUE,FALSE,FALSE
2022-01-20,1850,557,0.30108108108108106,0.09351351351351352,TRUE,FALSE,FALSE
2022-01-21,1825,509,0.2789041095890411,0.08054794520547945,TRUE,FALSE,FALSE
2022-01-22,1488,402,0.2701612903225806,0.07728494623655914,TRUE,FALSE,FALSE
2022-01-23,1869,648,0.3467094703049759,0.10058855002675228,TRUE,FALSE,TRUE
2022-01-24,1807,511,0.2827891532927504,0.09850581073602656,TRUE,FALSE,FALSE
2022-01-25,1662,350,0.21058965102286403,0.06016847172081829,TRUE,FALSE,FALSE
2022-01-26,1696,333,0.1963443396226415,0.05365566037735849,TRUE,FALSE,FALSE
2022-01-27,1808,454,0.25110619469026546,0.08130530973451328,TRUE,FALSE,FALSE
2022-01-28,1850,730,0.3945945945945946,0.1491891891891892,TRUE,FALSE,TRUE
2022-01-29,1216,327,0.2689144736842105,0.078125,TRUE,FALSE,FALSE
2022-01-30,1701,590,0.34685479129923574,0.09523809523809523,TRUE,FALSE,FALSE
2022-01-31,1838,501,0.2725788900979325,0.08269858541893363,TRUE,FALSE,FALSE
2022-02-01,1577,286,0.1813570069752695,0.04185161699429296,TRUE,FALSE,FALSE
2022-02-02,1523,502,0.32961260669730796,0.12344057780695995,TRUE,FALSE,TRUE
2022-02-03,1363,511,0.3749082905355833,0.13646368305209097,TRUE,FALSE,TRUE
2022-02-04,1569,723,0.4608030592734226,0.16953473550031867,TRUE,TRUE,TRUE
2022-02-05,1436,614,0.4275766016713092,0.1573816155988858,TRUE,TRUE,TRUE
2022-02-06,1785,699,0.3915966386554622,0.12324929971988796,TRUE,FALSE,TRUE
2022-02-07,1897,639,0.33684765419082763,0.12809699525566684,TRUE,FALSE,TRUE
2022-02-08,1730,301,0.17398843930635838,0.047398843930635835,TRUE,FALSE,FALSE
2022-02-09,1752,330,0.18835616438356165,0.04052511415525114,TRUE,FALSE,FALSE
2022-02-10,1931,543,0.2812014500258933,0.06628689798032107,TRUE,FALSE,FALSE
2022-02-11,1944,588,0.30246913580246915,0.07561728395061729,TRUE,FALSE,FALSE
2022-02-12,1529,495,0.3237410071942446,0.07194244604316546,TRUE,FALSE,FALSE
2022-02-13,1664,745,0.44771634615384615,0.18329326923076922,TRUE,TRUE,TRUE
2022-02-14,1896,638,0.33649789029535865,0.10126582278481013,TRUE,FALSE,TRUE
2022-02-15,1596,419,0.262531328320802,0.05513784461152882,TRUE,FALSE,FALSE
2022-02-16,1723,420,0.2437608821822403,0.05977945443993035,TRUE,FALSE,FALSE
2022-02-17,1892,853,0.45084566596194503,0.17124735729386892,TRUE,TRUE,TRUE
2022-02-18,1898,1014,0.5342465753424658,0.22602739726027396,TRUE,TRUE,TRUE
2022-02-19,1600,697,0.435625,0.145625,TRUE,TRUE,TRUE
2022-02-20,1806,670,0.3709856035437431,0.09856035437430787,TRUE,FALSE,FALSE
2022-02-21,1974,742,0.375886524822695,0.11448834853090173,TRUE,FALSE,TRUE
2022-02-22,1660,810,0.4879518072289157,0.18855421686746987,TRUE,TRUE,TRUE
2022-02-23,1674,739,0.44145758661887696,0.15352449223416964,TRUE,TRUE,TRUE
2022-02-24,1732,916,0.5288683602771362,0.1951501154734411,TRUE,TRUE,TRUE
2022-02-25,1866,1128,0.6045016077170418,0.22347266881028938,TRUE,TRUE,TRUE
2022-02-26,1615,715,0.44272445820433437,0.15046439628482972,TRUE,TRUE,TRUE
2022-02-27,1887,779,0.4128245892951775,0.10916799152093269,TRUE,TRUE,TRUE
2022-02-28,1947,702,0.3605546995377504,0.09296353364149974,TRUE,FALSE,FALSE
2022-03-01,1754,489,0.27879133409350054,0.06271379703534778,TRUE,FALSE,FALSE
2022-03-02,1781,452,0.2537900056148231,0.05783267827063447,TRUE,FALSE,FALSE
2022-03-03,1910,580,0.3036649214659686,0.06387434554973823,TRUE,FALSE,FALSE
2022-03-04,1864,616,0.33047210300429186,0.08261802575107297,TRUE,FALSE,FALSE
2022-03-05,1603,555,0.34622582657517154,0.10667498440424204,TRUE,FALSE,TRUE
2022-03-06,1832,809,0.4415938864628821,0.1784934497816594,TRUE,TRUE,TRUE
2022-03-07,1867,819,0.43867166577396893,0.1435457953936797,TRUE,TRUE,TRUE
2022-03-08,1782,586,0.3288439955106622,0.07631874298540965,TRUE,FALSE,FALSE
2022-03-09,1731,705,0.4072790294627383,0.14038128249566725,TRUE,TRUE,TRUE
2022-03-10,1957,932,0.4762391415431783,0.18548799182422074,TRUE,TRUE,TRUE
2022-03-11,1906,1004,0.5267576075550892,0.21196222455403987,TRUE,TRUE,TRUE
2022-03-12,1556,951,0.6111825192802056,0.3258354755784062,TRUE,TRUE,TRUE
2022-03-13,1855,1031,0.5557951482479785,0.23450134770889489,TRUE,TRUE,TRUE
2022-03-14,1898,743,0.39146469968387776,0.11907270811380401,TRUE,FALSE,TRUE
2022-03-15,1724,603,0.34976798143851506,0.08294663573085846,TRUE,FALSE,FALSE
2022-03-16,1774,584,0.32919954904171367,0.07497181510710259,TRUE,FALSE,FALSE
2022-03-17,1894,843,0.44508975712777193,0.15153115100316789,TRUE,TRUE,TRUE
2022-03-18,1968,1024,0.5203252032520326,0.2423780487804878,TRUE,TRUE,TRUE
2022-03-19,1731,831,0.4800693240901213,0.1998844598497978,TRUE,TRUE,TRUE
2022-03-20,1917,832,0.43401147626499736,0.1507563901930099,TRUE,TRUE,TRUE
2022-03-21,1846,754,0.4084507042253521,0.14138678223185266,TRUE,TRUE,TRUE
2022-03-22,1832,749,0.4088427947598253,0.12281659388646288,TRUE,TRUE,TRUE
2022-03-23,1806,644,0.35658914728682173,0.08527131782945736,TRUE,FALSE,FALSE
2022-03-24,1964,863,0.4394093686354379,0.17006109979633402,TRUE,TRUE,TRUE
2022-03-25,1906,667,0.34994753410283314,0.08499475341028331,TRUE,FALSE,FALSE
2022-03-26,1734,599,0.34544405997693195,0.08419838523644751,TRUE,FALSE,FALSE
2022-03-27,1903,722,0.37940094587493434,0.11403047819232791,TRUE,FALSE,TRUE
2022-03-28,2008,803,0.3999003984063745,0.1394422310756972,TRUE,FALSE,TRUE
2022-03-29,1798,508,0.2825361512791991,0.08008898776418243,TRUE,FALSE,FALSE
2022-03-30,1800,651,0.3616666666666667,0.115,TRUE,FALSE,TRUE
2022-03-31,1927,819,0.42501297353399065,0.15983393876491955,TRUE,TRUE,TRUE
2022-04-01,1851,893,0.48244192328471097,0.20853592652620206,TRUE,TRUE,TRUE
2022-04-02,1510,711,0.47086092715231787,0.2337748344370861,TRUE,TRUE,TRUE
2022-04-03,1805,900,0.4986149584487535,0.1961218836565097,TRUE,TRUE,TRUE
2022-04-04,1872,799,0.4268162393162393,0.14476495726495728,TRUE,TRUE,TRUE
2022-04-05,1812,840,0.46357615894039733,0.17880794701986755,TRUE,TRUE,TRUE
2022-04-06,1932,829,0.42908902691511386,0.14544513457556935,TRUE,TRUE,TRUE
2022-04-07,1876,929,0.4952025586353945,0.21961620469083157,TRUE,TRUE,TRUE
2022-04-08,1946,962,0.4943473792394656,0.18653648509763618,TRUE,TRUE,TRUE
2022-04-09,1669,653,0.39125224685440385,0.12043139604553625,TRUE,FALSE,TRUE
2022-04-10,1799,771,0.42857142857142855,0.13729849916620346,TRUE,TRUE,TRUE
2022-04-11,2003,835,0.41687468796804794,0.14228657014478283,TRUE,TRUE,TRUE
2022-04-12,1774,701,0.395152198421646,0.12965050732807215,TRUE,FALSE,TRUE
2022-04-13,1856,850,0.4579741379310345,0.1875,TRUE,TRUE,TRUE
2022-04-14,1865,934,0.500804289544236,0.1898123324396783,TRUE,TRUE,TRUE
2022-04-15,1840,819,0.4451086956521739,0.1701086956521739,TRUE,TRUE,TRUE
2022-04-16,1675,659,0.3934328358208955,0.11641791044776119,TRUE,FALSE,TRUE
2022-04-17,1864,695,0.3728540772532189,0.125,TRUE,FALSE,TRUE
2022-04-18,1971,893,0.4530695078640284,0.18163368848300354,TRUE,TRUE,TRUE
2022-04-19,1901,730,0.3840084166228301,0.12993161493950553,TRUE,FALSE,TRUE
2022-04-20,1934,619,0.3200620475698035,0.06514994829369183,TRUE,FALSE,FALSE
2022-04-21,2039,681,0.33398724865129964,0.09073075036782736,TRUE,FALSE,FALSE
2022-04-22,1971,780,0.395738203957382,0.14205986808726534,TRUE,FALSE,TRUE
2022-04-23,1609,534,0.3318831572405221,0.08452454940957116,TRUE,FALSE,FALSE
2022-04-24,1969,788,0.40020314880650076,0.12849162011173185,TRUE,TRUE,TRUE
2022-04-25,1912,748,0.3912133891213389,0.14225941422594143,TRUE,FALSE,TRUE
2022-04-26,1766,585,0.33125707814269534,0.08040770101925254,TRUE,FALSE,FALSE
2022-04-27,1934,630,0.32574974146845914,0.08324715615305067,TRUE,FALSE,FALSE
2022-04-28,1956,677,0.34611451942740284,0.09764826175869121,TRUE,FALSE,FALSE
2022-04-29,1968,711,0.36128048780487804,0.1092479674796748,TRUE,FALSE,TRUE
2022-04-30,1600,570,0.35625,0.11875,TRUE,FALSE,TRUE
2022-05-01,1916,812,0.42379958246346555,0.1393528183716075,TRUE,TRUE,TRUE
2022-05-02,1985,764,0.3848866498740554,0.11838790931989925,TRUE,FALSE,TRUE
2022-05-03,1885,589,0.31246684350132625,0.07427055702917772,TRUE,FALSE,FALSE
2022-05-04,1893,646,0.34125726360274694,0.09403063919704173,TRUE,FALSE,FALSE
2022-05-05,1963,804,0.4095771777890983,0.1660723382577687,TRUE,TRUE,TRUE
2022-05-06,1951,885,0.4536135315222963,0.1573552024602768,TRUE,TRUE,TRUE
2022-05-07,1631,663,0.4064990803188228,0.13795217657878603,TRUE,TRUE,TRUE
2022-05-08,1963,766,0.3902190524707081,0.12124299541518084,TRUE,FALSE,TRUE
2022-05-09,1994,767,0.384653961885657,0.11584754262788365,TRUE,FALSE,TRUE
2022-05-10,1849,610,0.3299080584099513,0.0713899405083829,TRUE,FALSE,FALSE
2022-05-11,1850,582,0.3145945945945946,0.08054054054054054,TRUE,FALSE,FALSE
2022-05-12,2082,792,0.3804034582132565,0.10614793467819404,TRUE,FALSE,TRUE
2022-05-13,2017,915,0.45364402578086266,0.16757560733763013,TRUE,TRUE,TRUE
2022-05-14,1601,640,0.3997501561524047,0.11680199875078076,TRUE,FALSE,TRUE
2022-05-15,1912,856,0.4476987447698745,0.15115062761506276,TRUE,TRUE,TRUE
2022-05-16,1802,823,0.4567147613762486,0.1492785793562708,TRUE,TRUE,TRUE
2022-05-17,1768,695,0.3930995475113122,0.12104072398190045,TRUE,FALSE,TRUE
2022-05-18,1876,717,0.3821961620469083,0.09381663113006397,TRUE,FALSE,FALSE
2022-05-19,1979,780,0.39413845376452755,0.12177867609903992,TRUE,FALSE,TRUE
2022-05-20,1845,851,0.46124661246612464,0.1766937669376694,TRUE,TRUE,TRUE
2022-05-21,1606,841,0.5236612702366127,0.20672478206724781,TRUE,TRUE,TRUE
2022-05-22,1869,913,0.4884965222043874,0.17335473515248795,TRUE,TRUE,TRUE
2022-05-23,1952,934,0.47848360655737704,0.1716188524590164,TRUE,TRUE,TRUE
2022-05-24,1773,770,0.43429216018048505,0.12915961646926113,TRUE,TRUE,TRUE
2022-05-25,1941,781,0.4023699124162803,0.12364760432766615,TRUE,TRUE,TRUE
2022-05-26,2007,801,0.3991031390134529,0.11609367214748381,TRUE,FALSE,TRUE
2022-05-27,1902,895,0.4705573080967403,0.1961093585699264,TRUE,TRUE,TRUE
2022-05-28,1567,616,0.393107849393746,0.13784301212507977,TRUE,FALSE,TRUE
2022-05-29,1785,660,0.3697478991596639,0.1411764705882353,TRUE,FALSE,TRUE
2022-05-30,1928,618,0.32053941908713696,0.09491701244813278,TRUE,FALSE,FALSE
2022-05-31,1814,567,0.3125689084895259,0.06615214994487321,TRUE,FALSE,FALSE
2022-06-01,1803,630,0.34941763727121466,0.12146422628951747,TRUE,FALSE,TRUE
2022-06-02,1851,835,0.451107509454349,0.1847649918962723,TRUE,TRUE,TRUE
2022-06-03,1990,951,0.47788944723618093,0.1844221105527638,TRUE,TRUE,TRUE
2022-06-04,1674,655,0.3912783751493429,0.11708482676224612,TRUE,FALSE,TRUE
2022-06-05,1953,806,0.4126984126984127,0.12852022529441884,TRUE,TRUE,TRUE
2022-06-06,1958,796,0.4065372829417773,0.1557711950970378,TRUE,TRUE,TRUE
2022-06-07,1930,737,0.3818652849740933,0.10725388601036269,TRUE,FALSE,TRUE
2022-06-08,2040,835,0.40931372549019607,0.14901960784313725,TRUE,TRUE,TRUE
2022-06-09,2027,882,0.4351258016773557,0.17168228909718797,TRUE,TRUE,TRUE
2022-06-10,1926,941,0.4885773624091381,0.18120456905503635,TRUE,TRUE,TRUE
2022-06-11,1699,770,0.4532077692760447,0.1683343143025309,TRUE,TRUE,TRUE
2022-06-12,1951,1053,0.5397232188621219,0.24654023577652487,TRUE,TRUE,TRUE
2022-06-13,1976,920,0.46558704453441296,0.1680161943319838,TRUE,TRUE,TRUE
2022-06-14,1836,776,0.4226579520697168,0.17919389978213507,TRUE,TRUE,TRUE
2022-06-15,1989,800,0.4022121669180493,0.12267471091000502,TRUE,TRUE,TRUE
2022-06-16,1883,1014,0.5385023898035051,0.257036643653744,TRUE,TRUE,TRUE
2022-06-17,1951,1081,0.5540748334187596,0.24705279343926193,TRUE,TRUE,TRUE
2022-06-18,1773,862,0.4861816130851664,0.18612521150592218,TRUE,TRUE,TRUE
2022-06-19,1975,939,0.47544303797468357,0.16354430379746834,TRUE,TRUE,TRUE
2022-06-20,1946,796,0.4090441932168551,0.13052415210688592,TRUE,TRUE,TRUE
2022-06-21,1881,607,0.32270069112174377,0.08984582668793195,TRUE,FALSE,FALSE
2022-06-22,1852,729,0.3936285097192225,0.1490280777537797,TRUE,FALSE,TRUE
2022-06-23,2040,932,0.4568627450980392,0.17794117647058824,TRUE,TRUE,TRUE
2022-06-24,1973,883,0.44754181449569186,0.1500253421186011,TRUE,TRUE,TRUE
2022-06-25,1823,847,0.4646187602852441,0.16675809105869446,TRUE,TRUE,TRUE
2022-06-26,1950,924,0.47384615384615386,0.18461538461538463,TRUE,TRUE,TRUE
2022-06-27,1890,875,0.46296296296296297,0.19206349206349208,TRUE,TRUE,TRUE
2022-06-28,1970,757,0.38426395939086294,0.12284263959390863,TRUE,FALSE,TRUE
2022-06-29,1881,738,0.3923444976076555,0.1190855927698033,TRUE,FALSE,TRUE
2022-06-30,2012,801,0.3981113320079523,0.11282306163021869,TRUE,FALSE,TRUE
2022-07-01,2063,914,0.44304411051866216,0.1662627241880756,TRUE,TRUE,TRUE
2022-07-02,1751,726,0.4146202170188464,0.14848657909765847,TRUE,TRUE,TRUE
2022-07-03,1871,674,0.36023516835916625,0.08337787279529664,TRUE,FALSE,FALSE
2022-07-04,1930,499,0.25854922279792747,0.06217616580310881,TRUE,FALSE,FALSE
2022-07-05,1855,710,0.38274932614555257,0.1299191374663073,TRUE,FALSE,TRUE
2022-07-06,1932,741,0.38354037267080743,0.12681159420289856,TRUE,FALSE,TRUE
2022-07-07,1966,625,0.3179043743641913,0.09613428280773144,TRUE,FALSE,FALSE
2022-07-08,1976,717,0.36285425101214575,0.12297570850202429,TRUE,FALSE,TRUE
2022-07-09,1829,803,0.4390377255330782,0.17550574084199017,TRUE,TRUE,TRUE
2022-07-10,1998,850,0.42542542542542544,0.14864864864864866,TRUE,TRUE,TRUE
2022-07-11,2017,749,0.3713435795736242,0.10708973723351513,TRUE,FALSE,TRUE
2022-07-12,1873,677,0.3614522156967432,0.11372130272290443,TRUE,FALSE,TRUE
2022-07-13,1901,727,0.38243029984218835,0.12993161493950553,TRUE,FALSE,TRUE
2022-07-14,2120,820,0.3867924528301887,0.13962264150943396,TRUE,FALSE,TRUE
2022-07-15,2025,938,0.4632098765432099,0.18765432098765433,TRUE,TRUE,TRUE
2022-07-16,1795,777,0.4328690807799443,0.16880222841225626,TRUE,TRUE,TRUE
2022-07-17,2000,906,0.453,0.174,TRUE,TRUE,TRUE
2022-07-18,1993,969,0.4862017059708981,0.21525338685398895,TRUE,TRUE,TRUE
2022-07-19,1923,816,0.42433697347893917,0.14040561622464898,TRUE,TRUE,TRUE
2022-07-20,1862,685,0.3678839957035446,0.1272824919441461,TRUE,FALSE,TRUE
2022-07-21,2041,965,0.47280744732974034,0.17834394904458598,TRUE,TRUE,TRUE
2022-07-22,1969,826,0.41950228542407314,0.15337734890807517,TRUE,TRUE,TRUE
2022-07-23,1734,874,0.5040369088811996,0.2364475201845444,TRUE,TRUE,TRUE
2022-07-24,1942,1089,0.5607621009268795,0.2399588053553038,TRUE,TRUE,TRUE
2022-07-25,1868,1006,0.538543897216274,0.25321199143468953,TRUE,TRUE,TRUE
2022-07-26,1873,869,0.4639615589962627,0.19113721302722905,TRUE,TRUE,TRUE
2022-07-27,1944,820,0.4218106995884774,0.16769547325102882,TRUE,TRUE,TRUE
2022-07-28,1956,839,0.4289366053169734,0.16257668711656442,TRUE,TRUE,TRUE
2022-07-29,2038,895,0.4391560353287537,0.1589793915603533,TRUE,TRUE,TRUE
2022-07-30,1759,743,0.42239909039226836,0.13928368391131324,TRUE,TRUE,TRUE
2022-07-31,1935,820,0.42377260981912146,0.14883720930232558,TRUE,TRUE,TRUE
2022-08-01,1995,788,0.3949874686716792,0.13082706766917293,TRUE,FALSE,TRUE
2022-08-02,1896,609,0.3212025316455696,0.07805907172995781,TRUE,FALSE,FALSE
2022-08-03,1918,663,0.3456725755995829,0.11209593326381648,TRUE,FALSE,TRUE
2022-08-04,1934,905,0.46794208893485006,0.21458117890382628,TRUE,TRUE,TRUE
2022-08-05,1867,1014,0.5431173004820568,0.2629887520085699,TRUE,TRUE,TRUE
2022-08-06,1729,905,0.523423944476576,0.22903412377096588,TRUE,TRUE,TRUE
2022-08-07,2003,1060,0.5292061907139292,0.23315027458811782,TRUE,TRUE,TRUE
2022-08-08,1966,890,0.4526958290946083,0.18006103763987794,TRUE,TRUE,TRUE
2022-08-09,1939,765,0.39453326456936566,0.15059308922124806,TRUE,FALSE,TRUE
2022-08-10,1763,744,0.4220079410096427,0.18604651162790697,TRUE,TRUE,TRUE
2022-08-11,1931,966,0.5002589331952356,0.2118073537027447,TRUE,TRUE,TRUE
2022-08-12,1915,832,0.43446475195822454,0.14934725848563968,TRUE,TRUE,TRUE
2022-08-13,1775,680,0.38309859154929576,0.12281690140845071,TRUE,FALSE,TRUE
2022-08-14,2011,812,0.4037792143212332,0.15564395822973645,TRUE,TRUE,TRUE
2022-08-15,1993,810,0.4064224786753638,0.1364776718514802,TRUE,TRUE,TRUE
2022-08-16,1819,602,0.3309510720175921,0.08466190214403518,TRUE,FALSE,FALSE
2022-08-17,1841,611,0.33188484519282996,0.10266159695817491,TRUE,FALSE,TRUE
2022-08-18,1979,752,0.3799898938858009,0.13441131884790297,TRUE,FALSE,TRUE
2022-08-19,1961,858,0.43753187149413564,0.15553289138194798,TRUE,TRUE,TRUE
2022-08-20,1731,706,0.4078567302137493,0.121894858463316,TRUE,TRUE,TRUE
2022-08-21,1903,925,0.4860746190225959,0.20809248554913296,TRUE,TRUE,TRUE
2022-08-22,1795,925,0.5153203342618384,0.22841225626740946,TRUE,TRUE,TRUE
2022-08-23,1827,692,0.3787629994526546,0.12151067323481117,TRUE,FALSE,TRUE
2022-08-24,1918,622,0.32429614181439,0.09124087591240876,TRUE,FALSE,FALSE
2022-08-25,2008,635,0.31623505976095617,0.08515936254980079,TRUE,FALSE,FALSE
2022-08-26,1966,690,0.35096642929806715,0.11241098677517802,TRUE,FALSE,TRUE
2022-08-27,1771,546,0.308300395256917,0.0942970073404856,TRUE,FALSE,FALSE
2022-08-28,1961,704,0.35900050994390614,0.11575726670066293,TRUE,FALSE,TRUE
2022-08-29,1975,727,0.3681012658227848,0.14379746835443039,TRUE,FALSE,TRUE
2022-08-30,1859,601,0.32329209252286173,0.11888111888111888,TRUE,FALSE,TRUE
2022-08-31,1841,597,0.3242802824551874,0.09614340032590983,TRUE,FALSE,FALSE
2022-09-01,1988,730,0.3672032193158954,0.12374245472837023,TRUE,FALSE,TRUE
2022-09-02,1988,725,0.3646881287726358,0.13078470824949698,TRUE,FALSE,TRUE
2022-09-03,1657,577,0.34821967410983706,0.10863005431502716,TRUE,FALSE,TRUE
2022-09-04,1741,574,0.3296955772544515,0.10051694428489374,TRUE,FALSE,TRUE
2022-09-05,2024,639,0.3157114624505929,0.0800395256916996,TRUE,FALSE,FALSE
2022-09-06,1896,612,0.3227848101265823,0.08702531645569621,TRUE,FALSE,FALSE
2022-09-07,1828,536,0.29321663019693656,0.08205689277899343,TRUE,FALSE,FALSE
2022-09-08,1932,621,0.32142857142857145,0.10766045548654245,TRUE,FALSE,TRUE
2022-09-09,2005,743,0.37057356608478803,0.12369077306733167,TRUE,FALSE,TRUE
2022-09-10,1680,514,0.305952380952381,0.0875,TRUE,FALSE,FALSE
2022-09-11,1917,784,0.40897235263432447,0.13771517996870108,TRUE,TRUE,TRUE
2022-09-12,1985,756,0.3808564231738035,0.12342569269521411,TRUE,FALSE,TRUE
2022-09-13,1889,526,0.27845420857596614,0.065643197458973,TRUE,FALSE,FALSE
2022-09-14,1813,542,0.2989520132377275,0.07942636514065085,TRUE,FALSE,FALSE
2022-09-15,1986,677,0.34088620342396775,0.08308157099697885,TRUE,FALSE,FALSE
2022-09-16,1915,591,0.30861618798955615,0.07049608355091384,TRUE,FALSE,FALSE
2022-09-17,1664,538,0.3233173076923077,0.08653846153846154,TRUE,FALSE,FALSE
2022-09-18,1915,664,0.3467362924281984,0.10966057441253264,TRUE,FALSE,TRUE
2022-09-19,1995,749,0.37543859649122807,0.13333333333333333,TRUE,FALSE,TRUE
2022-09-20,1748,510,0.2917620137299771,0.07951945080091533,TRUE,FALSE,FALSE
2022-09-21,1836,605,0.329520697167756,0.0855119825708061,TRUE,FALSE,FALSE
2022-09-22,2021,899,0.4448292924294904,0.17664522513607125,TRUE,TRUE,TRUE
2022-09-23,1904,727,0.38182773109243695,0.10346638655462184,TRUE,FALSE,TRUE
2022-09-24,1706,474,0.27784290738569756,0.07033997655334115,TRUE,FALSE,FALSE
2022-09-25,1974,704,0.3566362715298885,0.10688956433637285,TRUE,FALSE,TRUE
2022-09-26,2026,701,0.34600197433366237,0.10069101678183613,TRUE,FALSE,TRUE
2022-09-27,1848,488,0.26406926406926406,0.06277056277056277,TRUE,FALSE,FALSE
2022-09-28,1703,540,0.31708749266001174,0.1080446271285966,TRUE,FALSE,TRUE
2022-09-29,1826,551,0.3017524644030668,0.0859802847754655,TRUE,FALSE,FALSE
2022-09-30,1779,650,0.36537380550871273,0.11860595840359753,TRUE,FALSE,TRUE
2022-10-01,1668,611,0.36630695443645084,0.11930455635491606,TRUE,FALSE,TRUE
2022-10-02,1922,688,0.35796045785639957,0.10874089490114464,TRUE,FALSE,TRUE
2022-10-03,2049,622,0.30356271351878966,0.09077598828696926,TRUE,FALSE,FALSE
2022-10-04,1864,601,0.32242489270386265,0.10515021459227468,TRUE,FALSE,TRUE
2022-10-05,1816,554,0.30506607929515417,0.08920704845814978,TRUE,FALSE,FALSE
2022-10-06,1925,621,0.3225974025974026,0.07168831168831169,TRUE,FALSE,FALSE
2022-10-07,2042,683,0.3344760039177277,0.07982370225269343,TRUE,FALSE,FALSE
2022-10-08,1672,533,0.3187799043062201,0.07715311004784689,TRUE,FALSE,FALSE
2022-10-09,1967,660,0.3355363497712252,0.09659379766141332,TRUE,FALSE,FALSE
2022-10-10,2047,626,0.3058133854421104,0.07523204689789936,TRUE,FALSE,FALSE
2022-10-11,1932,497,0.2572463768115942,0.062111801242236024,TRUE,FALSE,FALSE
2022-10-12,1872,634,0.3386752136752137,0.09188034188034189,TRUE,FALSE,FALSE
2022-10-13,1868,792,0.42398286937901497,0.13383297644539616,TRUE,TRUE,TRUE
2022-10-14,1951,779,0.3992824192721681,0.11993849308047155,TRUE,FALSE,TRUE
2022-10-15,1671,613,0.3668461998803112,0.11250748055056853,TRUE,FALSE,TRUE
2022-10-16,1908,732,0.3836477987421384,0.09853249475890985,TRUE,FALSE,FALSE
2022-10-17,1980,681,0.34393939393939393,0.08636363636363636,TRUE,FALSE,FALSE
2022-10-18,1775,576,0.3245070422535211,0.08056338028169015,TRUE,FALSE,FALSE
2022-10-19,1903,577,0.30320546505517604,0.06936416184971098,TRUE,FALSE,FALSE
2022-10-20,1955,639,0.3268542199488491,0.0792838874680307,TRUE,FALSE,FALSE
2022-10-21,1912,663,0.34675732217573224,0.0794979079497908,TRUE,FALSE,FALSE
2022-10-22,1712,544,0.3177570093457944,0.08644859813084112,TRUE,FALSE,FALSE
2022-10-23,1966,728,0.37029501525940994,0.09867751780264497,TRUE,FALSE,FALSE
2022-10-24,1929,743,0.38517366511145673,0.14515292897874546,TRUE,FALSE,TRUE
2022-10-25,1745,675,0.3868194842406877,0.1530085959885387,TRUE,FALSE,TRUE
2022-10-26,1788,685,0.3831096196868009,0.1347874720357942,TRUE,FALSE,TRUE
2022-10-27,2034,671,0.32989183874139627,0.08702064896755163,TRUE,FALSE,FALSE
2022-10-28,1941,721,0.37145801133436374,0.12622359608449252,TRUE,FALSE,TRUE
2022-10-29,1657,465,0.28062764031382015,0.06819553409776705,TRUE,FALSE,FALSE
2022-10-30,1819,529,0.2908191313908741,0.07036833424958769,TRUE,FALSE,FALSE
2022-10-31,1798,513,0.2853170189098999,0.07897664071190211,TRUE,FALSE,FALSE
2022-11-01,1883,541,0.2873074880509825,0.06638343069569835,TRUE,FALSE,FALSE
2022-11-02,1837,475,0.25857376156777356,0.07022318998366903,TRUE,FALSE,FALSE
2022-11-03,2035,677,0.3326781326781327,0.08206388206388206,TRUE,FALSE,FALSE
2022-11-04,1872,946,0.5053418803418803,0.22863247863247863,TRUE,TRUE,TRUE
2022-11-05,1595,713,0.4470219435736677,0.16677115987460814,TRUE,TRUE,TRUE
2022-11-06,1952,743,0.38063524590163933,0.09733606557377049,TRUE,FALSE,FALSE
2022-11-07,1883,615,0.3266064790228359,0.08178438661710037,TRUE,FALSE,FALSE
2022-11-08,1825,531,0.290958904109589,0.07342465753424658,TRUE,FALSE,FALSE
2022-11-09,1765,476,0.2696883852691218,0.054957507082152975,TRUE,FALSE,FALSE
2022-11-10,1813,542,0.2989520132377275,0.06839492553778267,TRUE,FALSE,FALSE
2022-11-11,1906,778,0.40818467995802726,0.14480587618048268,TRUE,TRUE,TRUE
2022-11-12,1676,613,0.36575178997613367,0.10739856801909307,TRUE,FALSE,TRUE
2022-11-13,1862,763,0.40977443609022557,0.10472610096670247,TRUE,TRUE,TRUE
2022-11-14,1934,669,0.3459152016546019,0.08221302998965874,TRUE,FALSE,FALSE
2022-11-15,1842,646,0.3507057546145494,0.09771986970684039,TRUE,FALSE,FALSE
2022-11-16,1880,761,0.4047872340425532,0.10691489361702128,TRUE,TRUE,TRUE
2022-11-17,2009,865,0.430562468889995,0.14385266301642607,TRUE,TRUE,TRUE
2022-11-18,1847,826,0.4472116946399567,0.13481321061180293,TRUE,TRUE,TRUE
2022-11-19,1760,772,0.43863636363636366,0.12670454545454546,TRUE,TRUE,TRUE
2022-11-20,1946,860,0.4419321685508736,0.15724563206577596,TRUE,TRUE,TRUE
2022-11-21,1971,693,0.3515981735159817,0.08472856418061897,TRUE,FALSE,FALSE
2022-11-22,1965,671,0.3414758269720102,0.08295165394402036,TRUE,FALSE,FALSE
2022-11-23,1928,561,0.29097510373443985,0.08298755186721991,TRUE,FALSE,FALSE
2022-11-24,1186,318,0.26812816188870153,0.0775716694772344,TRUE,FALSE,FALSE
2022-11-25,1737,499,0.2872769142199194,0.07599309153713299,TRUE,FALSE,FALSE
2022-11-26,1870,649,0.34705882352941175,0.0946524064171123,TRUE,FALSE,FALSE
2022-11-27,1979,831,0.4199090449722082,0.14704396159676605,TRUE,TRUE,TRUE
2022-11-28,2020,794,0.3930693069306931,0.10544554455445544,TRUE,FALSE,TRUE
2022-11-29,1915,770,0.402088772845953,0.13368146214099216,TRUE,TRUE,TRUE
2022-11-30,1783,779,0.4369040942232193,0.15479528883903534,TRUE,TRUE,TRUE
2022-12-01,1866,660,0.3536977491961415,0.10932475884244373,TRUE,FALSE,TRUE
2022-12-02,1934,632,0.3267838676318511,0.09720785935884178,TRUE,FALSE,FALSE
2022-12-03,1675,581,0.34686567164179105,0.09134328358208955,TRUE,FALSE,FALSE
2022-12-04,1932,749,0.38768115942028986,0.11801242236024845,TRUE,FALSE,TRUE
2022-12-05,1908,669,0.35062893081761004,0.10482180293501048,TRUE,FALSE,TRUE
2022-12-06,1820,447,0.2456043956043956,0.05274725274725275,TRUE,FALSE,FALSE
2022-12-07,1759,530,0.3013075611142695,0.08641273450824331,TRUE,FALSE,FALSE
2022-12-08,1906,563,0.2953830010493179,0.07030430220356768,TRUE,FALSE,FALSE
2022-12-09,1905,698,0.36640419947506564,0.09343832020997375,TRUE,FALSE,FALSE
2022-12-10,1604,578,0.36034912718204487,0.1059850374064838,TRUE,FALSE,TRUE
2022-12-11,1973,805,0.40800810947795235,0.14597060314242272,TRUE,TRUE,TRUE
2022-12-12,1890,702,0.37142857142857144,0.11851851851851852,TRUE,FALSE,TRUE
2022-12-13,1759,739,0.42012507106310404,0.18192154633314384,TRUE,TRUE,TRUE
2022-12-14,1823,692,0.37959407569939657,0.10641799232035107,TRUE,FALSE,TRUE
2022-12-15,1893,928,0.4902271526677232,0.18066561014263074,TRUE,TRUE,TRUE
2022-12-16,1884,1031,0.54723991507431,0.21602972399150744,TRUE,TRUE,TRUE
2022-12-17,1746,914,0.5234822451317297,0.1660939289805269,TRUE,TRUE,TRUE
2022-12-18,1887,911,0.48277689454160044,0.15421303656597773,TRUE,TRUE,TRUE
2022-12-19,1932,920,0.47619047619047616,0.15527950310559005,TRUE,TRUE,TRUE
2022-12-20,1941,895,0.4611025244719217,0.14734672849046884,TRUE,TRUE,TRUE
2022-12-21,1908,1014,0.5314465408805031,0.19444444444444445,TRUE,TRUE,TRUE
2022-12-22,1676,1110,0.662291169451074,0.3562052505966587,TRUE,TRUE,TRUE
2022-12-23,1447,1118,0.7726330338631652,0.4865238424326192,TRUE,TRUE,TRUE
2022-12-24,1201,895,0.7452123230641132,0.44296419650291424,TRUE,TRUE,TRUE
2022-12-25,1236,792,0.6407766990291263,0.3446601941747573,TRUE,TRUE,TRUE
2022-12-26,1494,968,0.6479250334672021,0.35609103078982596,TRUE,TRUE,TRUE
2022-12-27,1452,898,0.6184573002754821,0.2878787878787879,TRUE,TRUE,TRUE
2022-12-28,1495,780,0.5217391304347826,0.19531772575250836,TRUE,TRUE,TRUE
2022-12-29,1616,783,0.484529702970297,0.1608910891089109,TRUE,TRUE,TRUE
2022-12-30,1839,899,0.488852637302882,0.14627514953779228,TRUE,TRUE,TRUE
2022-12-31,1569,786,0.5009560229445507,0.18992989165073296,TRUE,TRUE,TRUE
2023-01-01,1564,739,0.4725063938618926,0.17327365728900257,TRUE,TRUE,TRUE
2023-01-02,1748,1017,0.5818077803203662,0.2808924485125858,TRUE,TRUE,TRUE
2023-01-03,1765,1027,0.5818696883852691,0.24589235127478754,TRUE,TRUE,TRUE
2023-01-04,1574,863,0.548284625158831,0.25285895806861497,TRUE,TRUE,TRUE
2023-01-05,1751,739,0.4220445459737293,0.13592233009708737,TRUE,TRUE,TRUE
2023-01-06,1716,562,0.3275058275058275,0.07983682983682984,TRUE,FALSE,FALSE
2023-01-07,1584,548,0.34595959595959597,0.08964646464646464,TRUE,FALSE,FALSE
2023-01-08,1770,673,0.38022598870056495,0.0903954802259887,TRUE,FALSE,FALSE
2023-01-09,1853,592,0.3194819212088505,0.07717215326497572,TRUE,FALSE,FALSE
2023-01-10,1745,523,0.2997134670487106,0.09169054441260745,TRUE,FALSE,FALSE
2023-01-11,1652,1202,0.7276029055690073,0.5581113801452785,TRUE,TRUE,TRUE
2023-01-12,1891,830,0.43892120571126386,0.16710735060814383,TRUE,TRUE,TRUE
2023-01-13,1925,840,0.43636363636363634,0.13714285714285715,TRUE,TRUE,TRUE
2023-01-14,1596,537,0.33646616541353386,0.09273182957393483,TRUE,FALSE,FALSE
2023-01-15,1697,539,0.3176193282262817,0.08308780200353565,TRUE,FALSE,FALSE
2023-01-16,1805,685,0.37950138504155123,0.12409972299168975,TRUE,FALSE,TRUE
2023-01-17,1708,467,0.2734192037470726,0.06557377049180328,TRUE,FALSE,FALSE
2023-01-18,1700,434,0.25529411764705884,0.0888235294117647,TRUE,FALSE,FALSE
2023-01-19,1959,617,0.31495661051556917,0.09545686574783052,TRUE,FALSE,FALSE
2023-01-20,1933,566,0.2928091050181066,0.06518365235385411,TRUE,FALSE,FALSE
2023-01-21,1555,421,0.2707395498392283,0.05852090032154341,TRUE,FALSE,FALSE
2023-01-22,1840,816,0.4434782608695652,0.1391304347826087,TRUE,TRUE,TRUE
2023-01-23,1831,620,0.3386127799016931,0.11305297651556527,TRUE,FALSE,TRUE
2023-01-24,1741,439,0.2521539345203906,0.07639287765651924,TRUE,FALSE,FALSE
2023-01-25,1785,688,0.3854341736694678,0.13949579831932774,TRUE,FALSE,TRUE
2023-01-26,1833,717,0.3911620294599018,0.09656301145662848,TRUE,FALSE,FALSE
2023-01-27,1938,692,0.3570691434468524,0.08668730650154799,TRUE,FALSE,FALSE
2023-01-28,1557,431,0.27681438664097624,0.08156711624919717,TRUE,FALSE,FALSE
2023-01-29,1836,741,0.4035947712418301,0.13616557734204793,TRUE,TRUE,TRUE
2023-01-30,1789,702,0.3923979877026272,0.1403018446059251,TRUE,FALSE,TRUE
2023-01-31,1624,635,0.3910098522167488,0.16133004926108374,TRUE,FALSE,TRUE
2023-02-01,1568,540,0.34438775510204084,0.12627551020408162,TRUE,FALSE,TRUE
2023-02-02,1873,668,0.3566470902295782,0.11265349706353443,TRUE,FALSE,TRUE
2023-02-03,1845,698,0.378319783197832,0.13008130081300814,TRUE,FALSE,TRUE
2023-02-04,1597,549,0.3437695679398873,0.1308703819661866,TRUE,FALSE,TRUE
2023-02-05,1790,592,0.3307262569832402,0.10223463687150838,TRUE,FALSE,TRUE
2023-02-06,1831,468,0.255598033861278,0.060076460950300385,TRUE,FALSE,FALSE
2023-02-07,1744,310,0.17775229357798164,0.04357798165137615,TRUE,FALSE,FALSE
2023-02-08,1772,363,0.20485327313769752,0.05474040632054176,TRUE,FALSE,FALSE
2023-02-09,1919,573,0.2985930171964565,0.08077123501823867,TRUE,FALSE,FALSE
2023-02-10,1841,610,0.3313416621401412,0.09885931558935361,TRUE,FALSE,FALSE
2023-02-11,1590,470,0.29559748427672955,0.06415094339622641,TRUE,FALSE,FALSE
2023-02-12,1842,513,0.2785016286644951,0.06894679695982628,TRUE,FALSE,FALSE
2023-02-13,1885,564,0.2992042440318302,0.09655172413793103,TRUE,FALSE,FALSE
2023-02-14,1824,458,0.25109649122807015,0.07949561403508772,TRUE,FALSE,FALSE
2023-02-15,1796,576,0.3207126948775056,0.11024498886414254,TRUE,FALSE,TRUE
2023-02-16,1862,772,0.4146079484425349,0.15843179377013963,TRUE,TRUE,TRUE
2023-02-17,1864,905,0.4855150214592275,0.17113733905579398,TRUE,TRUE,TRUE
2023-02-18,1595,555,0.34796238244514105,0.08589341692789969,TRUE,FALSE,FALSE
2023-02-19,1796,539,0.30011135857461024,0.06904231625835189,TRUE,FALSE,FALSE
2023-02-20,1915,632,0.3300261096605744,0.09451697127937336,TRUE,FALSE,FALSE
2023-02-21,1887,608,0.32220455749867516,0.08744038155802862,TRUE,FALSE,FALSE
2023-02-22,1688,723,0.4283175355450237,0.17417061611374407,TRUE,TRUE,TRUE
2023-02-23,1838,869,0.47279651795429817,0.1838955386289445,TRUE,TRUE,TRUE
2023-02-24,1885,1011,0.5363395225464191,0.2244031830238727,TRUE,TRUE,TRUE
2023-02-25,1653,766,0.4633998790078645,0.17846339987900786,TRUE,TRUE,TRUE
2023-02-26,1878,813,0.4329073482428115,0.1299254526091587,TRUE,TRUE,TRUE
2023-02-27,1819,731,0.40186915887850466,0.10995052226498075,TRUE,TRUE,TRUE
2023-02-28,1667,570,0.34193161367726455,0.10257948410317937,TRUE,FALSE,TRUE
2023-03-01,1768,630,0.3563348416289593,0.11538461538461539,TRUE,FALSE,TRUE
2023-03-02,1837,665,0.362003266194883,0.11322808927599347,TRUE,FALSE,TRUE
2023-03-03,1825,732,0.4010958904109589,0.13424657534246576,TRUE,TRUE,TRUE
2023-03-04,1603,663,0.4135995009357455,0.13661883967560823,TRUE,TRUE,TRUE
2023-03-05,1881,746,0.39659755449229134,0.12706007442849548,TRUE,FALSE,TRUE
2023-03-06,1948,662,0.3398357289527721,0.09394250513347023,TRUE,FALSE,FALSE
2023-03-07,1766,478,0.2706681766704417,0.06851642129105323,TRUE,FALSE,FALSE
2023-03-08,1951,604,0.30958482829318296,0.07073295745771399,TRUE,FALSE,FALSE
2023-03-09,2011,749,0.3724515166583789,0.12928891098955744,TRUE,FALSE,TRUE
2023-03-10,1982,1033,0.5211907164480323,0.21392532795156408,TRUE,TRUE,TRUE
2023-03-11,1710,826,0.4830409356725146,0.21461988304093568,TRUE,TRUE,TRUE
2023-03-12,1915,1067,0.5571801566579635,0.24177545691906005,TRUE,TRUE,TRUE
2023-03-13,1952,969,0.4964139344262295,0.19620901639344263,TRUE,TRUE,TRUE
2023-03-14,1829,819,0.4477856752323674,0.1820667031164571,TRUE,TRUE,TRUE
2023-03-15,1863,830,0.4455179817498658,0.18679549114331723,TRUE,TRUE,TRUE
2023-03-16,1899,758,0.39915745129015273,0.12480252764612954,TRUE,FALSE,TRUE
2023-03-17,1882,767,0.4075451647183847,0.12911795961742828,TRUE,TRUE,TRUE
2023-03-18,1736,771,0.4441244239631336,0.1641705069124424,TRUE,TRUE,TRUE
2023-03-19,2003,874,0.436345481777334,0.12830753869196207,TRUE,TRUE,TRUE
2023-03-20,1983,694,0.34997478567826523,0.09531013615733737,TRUE,FALSE,FALSE
2023-03-21,1813,617,0.3403199117484832,0.12630998345284059,TRUE,FALSE,TRUE
2023-03-22,1940,630,0.3247422680412371,0.09536082474226804,TRUE,FALSE,FALSE
2023-03-23,1966,747,0.3799593082400814,0.11342828077314344,TRUE,FALSE,TRUE
2023-03-24,1984,828,0.4173387096774194,0.1461693548387097,TRUE,TRUE,TRUE
2023-03-25,1756,859,0.4891799544419134,0.1947608200455581,TRUE,TRUE,TRUE
2023-03-26,1854,987,0.5323624595469255,0.27238403451995685,TRUE,TRUE,TRUE
2023-03-27,1979,981,0.49570490146538654,0.1793835270338555,TRUE,TRUE,TRUE
2023-03-28,1916,642,0.33507306889352817,0.09968684759916492,TRUE,FALSE,FALSE
2023-03-29,1859,604,0.32490586336740185,0.09090909090909091,TRUE,FALSE,FALSE
2023-03-30,1953,725,0.3712237583205325,0.10240655401945725,TRUE,FALSE,TRUE
2023-03-31,1907,833,0.4368117461982171,0.16832721552176194,TRUE,TRUE,TRUE
2023-04-01,1734,940,0.5420991926182238,0.2422145328719723,TRUE,TRUE,TRUE
2023-04-02,1776,862,0.48536036036036034,0.15371621621621623,TRUE,TRUE,TRUE
2023-04-03,1981,792,0.39979808177688037,0.10853104492680464,TRUE,FALSE,TRUE
2023-04-04,1887,681,0.36089030206677264,0.12029676735559089,TRUE,FALSE,TRUE
2023-04-05,1808,906,0.5011061946902655,0.24944690265486727,TRUE,TRUE,TRUE
2023-04-06,1982,902,0.45509586276488395,0.16195761856710394,TRUE,TRUE,TRUE
2023-04-07,1987,762,0.38349270256668344,0.11172622043281329,TRUE,FALSE,TRUE
2023-04-08,1690,526,0.31124260355029587,0.10828402366863905,TRUE,FALSE,TRUE
2023-04-09,1892,612,0.32346723044397463,0.09513742071881606,TRUE,FALSE,FALSE
2023-04-10,1992,702,0.35240963855421686,0.10140562248995984,TRUE,FALSE,TRUE
2023-04-11,1868,555,0.29710920770877947,0.07012847965738758,TRUE,FALSE,FALSE
2023-04-12,1943,532,0.27380339680905813,0.06587750900669069,TRUE,FALSE,FALSE
2023-04-13,1915,655,0.34203655352480417,0.10443864229765012,TRUE,FALSE,TRUE
2023-04-14,1958,763,0.3896833503575077,0.11491317671092952,TRUE,FALSE,TRUE
2023-04-15,1736,725,0.4176267281105991,0.17050691244239632,TRUE,TRUE,TRUE
2023-04-16,1886,911,0.48303287380699894,0.1861081654294804,TRUE,TRUE,TRUE
2023-04-17,1949,918,0.4710107747562853,0.17701385325808106,TRUE,TRUE,TRUE
2023-04-18,1877,742,0.3953116675546084,0.17314864144912093,TRUE,FALSE,TRUE
2023-04-19,1869,634,0.3392188336008561,0.11449973247726057,TRUE,FALSE,TRUE
2023-04-20,1965,906,0.46106870229007635,0.19185750636132315,TRUE,TRUE,TRUE
2023-04-21,2009,899,0.4474863115978099,0.13489298158287705,TRUE,TRUE,TRUE
2023-04-22,1629,721,0.4426028238182934,0.18232044198895028,TRUE,TRUE,TRUE
2023-04-23,1931,854,0.4422578974624547,0.14966338684619368,TRUE,TRUE,TRUE
2023-04-24,1923,683,0.3551742069682787,0.09412376495059803,TRUE,FALSE,FALSE
2023-04-25,1890,603,0.319047619047619,0.11481481481481481,TRUE,FALSE,TRUE
2023-04-26,1818,674,0.37073707370737075,0.132013201320132,TRUE,FALSE,TRUE
2023-04-27,1962,853,0.4347604485219164,0.15953109072375127,TRUE,TRUE,TRUE
2023-04-28,1885,840,0.44562334217506633,0.16392572944297082,TRUE,TRUE,TRUE
2023-04-29,1653,637,0.3853599516031458,0.14337568058076225,TRUE,FALSE,TRUE
2023-04-30,1892,955,0.5047568710359408,0.24312896405919662,TRUE,TRUE,TRUE
2023-05-01,1978,773,0.390798786653185,0.1263902932254803,TRUE,FALSE,TRUE
2023-05-02,1799,495,0.27515286270150086,0.07115063924402446,TRUE,FALSE,FALSE
2023-05-03,1991,513,0.257659467604219,0.06077348066298342,TRUE,FALSE,FALSE
2023-05-04,1945,671,0.34498714652956297,0.09717223650385604,TRUE,FALSE,FALSE
2023-05-05,1965,697,0.35470737913486006,0.11552162849872774,TRUE,FALSE,TRUE
2023-05-06,1666,513,0.3079231692677071,0.08103241296518607,TRUE,FALSE,FALSE
2023-05-07,1993,809,0.405920722528851,0.12192674360260913,TRUE,TRUE,TRUE
2023-05-08,2013,786,0.39046199701937406,0.1107799304520616,TRUE,FALSE,TRUE
2023-05-09,1885,593,0.3145888594164456,0.09283819628647215,TRUE,FALSE,FALSE
2023-05-10,1859,643,0.3458848843464228,0.10381925766541152,TRUE,FALSE,TRUE
2023-05-11,1964,815,0.414969450101833,0.1364562118126273,TRUE,TRUE,TRUE
2023-05-12,1972,821,0.41632860040567954,0.14503042596348883,TRUE,TRUE,TRUE
2023-05-13,1734,664,0.3829296424452134,0.11534025374855825,TRUE,FALSE,TRUE
2023-05-14,1880,795,0.4228723404255319,0.16117021276595744,TRUE,TRUE,TRUE
2023-05-15,1997,818,0.40961442163244866,0.1256885327991988,TRUE,TRUE,TRUE
2023-05-16,1927,679,0.35236118318629994,0.10638297872340426,TRUE,FALSE,TRUE
2023-05-17,1899,645,0.33965244865718797,0.08688783570300158,TRUE,FALSE,FALSE
2023-05-18,1956,771,0.3941717791411043,0.1273006134969325,TRUE,FALSE,TRUE
2023-05-19,2033,889,0.43728480078701426,0.15986227250368912,TRUE,TRUE,TRUE
2023-05-20,1659,648,0.39059674502712477,0.10669077757685352,TRUE,FALSE,TRUE
2023-05-21,1927,748,0.38816813700051894,0.11364815775817333,TRUE,FALSE,TRUE
2023-05-22,2040,802,0.3931372549019608,0.1264705882352941,TRUE,FALSE,TRUE
2023-05-23,1948,697,0.3578028747433265,0.11909650924024641,TRUE,FALSE,TRUE
2023-05-24,1942,709,0.3650875386199794,0.12409886714727085,TRUE,FALSE,TRUE
2023-05-25,1954,733,0.3751279426816786,0.1284544524053224,TRUE,FALSE,TRUE
2023-05-26,1914,742,0.3876698014629049,0.14158829676071055,TRUE,FALSE,TRUE
2023-05-27,1653,508,0.3073200241984271,0.0925589836660617,TRUE,FALSE,FALSE
2023-05-28,1874,490,0.26147278548559233,0.06776947705442903,TRUE,FALSE,FALSE
2023-05-29,1971,583,0.29578893962455605,0.0898021308980213,TRUE,FALSE,FALSE
2023-05-30,1863,562,0.3016639828234031,0.10413311862587225,TRUE,FALSE,TRUE
2023-05-31,1928,642,0.3329875518672199,0.11047717842323651,TRUE,FALSE,TRUE
2023-06-01,1949,692,0.3550538737814264,0.12775782452539763,TRUE,FALSE,TRUE
2023-06-02,1931,757,0.3920248575867426,0.14293112377006734,TRUE,FALSE,TRUE
2023-06-03,1632,635,0.38909313725490197,0.1488970588235294,TRUE,FALSE,TRUE
2023-06-04,1979,791,0.3996968165740273,0.11318847902981304,TRUE,FALSE,TRUE
2023-06-05,2103,772,0.367094626723728,0.11174512601046124,TRUE,FALSE,TRUE
2023-06-06,1894,700,0.36958817317845827,0.12143611404435058,TRUE,FALSE,TRUE
2023-06-07,1907,686,0.3597273203985317,0.11955951756685894,TRUE,FALSE,TRUE
2023-06-08,2010,792,0.3940298507462687,0.12835820895522387,TRUE,FALSE,TRUE
2023-06-09,2058,795,0.38629737609329445,0.12342079689018465,TRUE,FALSE,TRUE
2023-06-10,1698,644,0.3792697290930506,0.14546525323910484,TRUE,FALSE,TRUE
2023-06-11,1924,863,0.44854469854469853,0.17203742203742203,TRUE,TRUE,TRUE
2023-06-12,2028,1015,0.5004930966469427,0.20710059171597633,TRUE,TRUE,TRUE
2023-06-13,1918,876,0.456725755995829,0.1903023983315954,TRUE,TRUE,TRUE
2023-06-14,1827,819,0.4482758620689655,0.17952928297755885,TRUE,TRUE,TRUE
2023-06-15,2016,977,0.48462301587301587,0.19047619047619047,TRUE,TRUE,TRUE
2023-06-16,2006,1029,0.5129611166500498,0.22482552342971088,TRUE,TRUE,TRUE
2023-06-17,1730,766,0.44277456647398844,0.17167630057803468,TRUE,TRUE,TRUE
2023-06-18,2000,886,0.443,0.152,TRUE,TRUE,TRUE
2023-06-19,2048,906,0.4423828125,0.1435546875,TRUE,TRUE,TRUE
2023-06-20,1882,798,0.42401700318809776,0.13549415515409138,TRUE,TRUE,TRUE
2023-06-21,1966,956,0.4862665310274669,0.21770091556459817,TRUE,TRUE,TRUE
2023-06-22,2047,1085,0.5300439667806546,0.23937469467513434,TRUE,TRUE,TRUE
2023-06-23,2025,1076,0.5313580246913581,0.22666666666666666,TRUE,TRUE,TRUE
2023-06-24,1810,862,0.47624309392265196,0.17016574585635358,TRUE,TRUE,TRUE
2023-06-25,1843,1017,0.5518176885512751,0.2609875203472599,TRUE,TRUE,TRUE
2023-06-26,1896,1086,0.5727848101265823,0.2489451476793249,TRUE,TRUE,TRUE
2023-06-27,1715,920,0.5364431486880467,0.22682215743440234,TRUE,TRUE,TRUE
2023-06-28,1733,902,0.5204847085978073,0.20542412002308136,TRUE,TRUE,TRUE
2023-06-29,1978,1011,0.5111223458038423,0.20626895854398383,TRUE,TRUE,TRUE
2023-06-30,1955,1034,0.5289002557544757,0.23324808184143223,TRUE,TRUE,TRUE
2023-07-01,1739,934,0.5370902817711328,0.21564117308798159,TRUE,TRUE,TRUE
2023-07-02,1796,931,0.5183741648106904,0.21158129175946547,TRUE,TRUE,TRUE
2023-07-03,1845,663,0.359349593495935,0.10840108401084012,TRUE,FALSE,TRUE
2023-07-04,1694,531,0.31345926800472257,0.11216056670602124,TRUE,FALSE,TRUE
2023-07-05,1989,842,0.42332830568124685,0.18401206636500755,TRUE,TRUE,TRUE
2023-07-06,2009,874,0.43504230960676954,0.1757093081134893,TRUE,TRUE,TRUE
2023-07-07,1906,824,0.4323189926547744,0.2025183630640084,TRUE,TRUE,TRUE
2023-07-08,1807,855,0.47315993359158826,0.2158273381294964,TRUE,TRUE,TRUE
2023-07-09,1828,950,0.5196936542669585,0.23960612691466082,TRUE,TRUE,TRUE
2023-07-10,2074,1067,0.5144648023143684,0.2227579556412729,TRUE,TRUE,TRUE
2023-07-11,1879,798,0.4246939861628526,0.15699840340606705,TRUE,TRUE,TRUE
2023-07-12,1962,814,0.4148827726809378,0.17176350662589196,TRUE,TRUE,TRUE
2023-07-13,2068,846,0.4090909090909091,0.12620889748549324,TRUE,TRUE,TRUE
2023-07-14,2056,1143,0.5559338521400778,0.2592412451361868,TRUE,TRUE,TRUE
2023-07-15,1760,950,0.5397727272727273,0.23863636363636365,TRUE,TRUE,TRUE
2023-07-16,1805,1074,0.5950138504155125,0.28310249307479224,TRUE,TRUE,TRUE
2023-07-17,2106,1078,0.5118708452041786,0.21035137701804368,TRUE,TRUE,TRUE
2023-07-18,1834,841,0.4585605234460196,0.19683751363140675,TRUE,TRUE,TRUE
2023-07-19,1944,866,0.4454732510288066,0.15483539094650206,TRUE,TRUE,TRUE
2023-07-20,1964,916,0.4663951120162933,0.18279022403258655,TRUE,TRUE,TRUE
2023-07-21,2105,1094,0.5197149643705463,0.22470308788598575,TRUE,TRUE,TRUE
2023-07-22,1899,884,0.46550816219062663,0.17588204318062137,TRUE,TRUE,TRUE
2023-07-23,2059,1027,0.49878581835842645,0.2219524040796503,TRUE,TRUE,TRUE
2023-07-24,2123,995,0.4686764013188884,0.17946302402260952,TRUE,TRUE,TRUE
2023-07-25,1883,806,0.42804036112586297,0.17896972915560277,TRUE,TRUE,TRUE
2023-07-26,1951,931,0.47719118400820093,0.20143516145566376,TRUE,TRUE,TRUE
2023-07-27,2021,972,0.48095002474022763,0.17169717961405245,TRUE,TRUE,TRUE
2023-07-28,2012,1072,0.532803180914513,0.2514910536779324,TRUE,TRUE,TRUE
2023-07-29,1800,952,0.5288888888888889,0.26,TRUE,TRUE,TRUE
2023-07-30,1971,1002,0.5083713850837138,0.18822932521562658,TRUE,TRUE,TRUE
2023-07-31,1962,880,0.44852191641182465,0.18858307849133538,TRUE,TRUE,TRUE
2023-08-01,1888,741,0.392478813559322,0.14989406779661016,TRUE,FALSE,TRUE
2023-08-02,1970,732,0.3715736040609137,0.11218274111675126,TRUE,FALSE,TRUE
2023-08-03,2040,838,0.4107843137254902,0.14754901960784314,TRUE,TRUE,TRUE
2023-08-04,2087,989,0.4738859607091519,0.16722568279827504,TRUE,TRUE,TRUE
2023-08-05,1826,778,0.42606790799561883,0.14457831325301204,TRUE,TRUE,TRUE
2023-08-06,1929,962,0.4987039917055469,0.2255054432348367,TRUE,TRUE,TRUE
2023-08-07,1874,1005,0.5362860192102454,0.24759871931696906,TRUE,TRUE,TRUE
2023-08-08,1975,940,0.4759493670886076,0.17063291139240505,TRUE,TRUE,TRUE
2023-08-09,1978,719,0.36349848331648127,0.10364004044489383,TRUE,FALSE,TRUE
2023-08-10,2000,960,0.48,0.185,TRUE,TRUE,TRUE
2023-08-11,2088,889,0.4257662835249042,0.16044061302681992,TRUE,TRUE,TRUE
2023-08-12,1802,810,0.44950055493895674,0.17869034406215317,TRUE,TRUE,TRUE
2023-08-13,2027,918,0.45288603848051306,0.1731623088307844,TRUE,TRUE,TRUE
2023-08-14,2000,850,0.425,0.1735,TRUE,TRUE,TRUE
2023-08-15,1978,817,0.41304347826086957,0.14610717896865522,TRUE,TRUE,TRUE
2023-08-16,1973,661,0.335022807906741,0.0963000506842372,TRUE,FALSE,FALSE
2023-08-17,1990,900,0.45226130653266333,0.1964824120603015,TRUE,TRUE,TRUE
2023-08-18,1961,844,0.43039265680775113,0.1723610402855686,TRUE,TRUE,TRUE
2023-08-19,1756,662,0.37699316628701596,0.1070615034168565,TRUE,FALSE,TRUE
2023-08-20,1944,779,0.4007201646090535,0.13734567901234568,TRUE,TRUE,TRUE
2023-08-21,1952,687,0.3519467213114754,0.11116803278688525,TRUE,FALSE,TRUE
2023-08-22,2027,511,0.252096694622595,0.05772076961026147,TRUE,FALSE,FALSE
2023-08-23,1960,491,0.25051020408163266,0.07244897959183673,TRUE,FALSE,FALSE
2023-08-24,2024,777,0.38389328063241107,0.1259881422924901,TRUE,FALSE,TRUE
2023-08-25,2142,865,0.403828197945845,0.1349206349206349,TRUE,TRUE,TRUE
2023-08-26,1704,480,0.28169014084507044,0.08039906103286384,TRUE,FALSE,FALSE
2023-08-27,2031,732,0.3604135893648449,0.12850812407680945,TRUE,FALSE,TRUE
2023-08-28,2017,675,0.33465542885473476,0.11551809618244918,TRUE,FALSE,TRUE
2023-08-29,1842,516,0.28013029315960913,0.10369163952225842,TRUE,FALSE,TRUE
2023-08-30,1809,588,0.3250414593698176,0.12880044223327805,TRUE,FALSE,TRUE
2023-08-31,1975,700,0.35443037974683544,0.11544303797468354,TRUE,FALSE,TRUE
